Genus;Species;Center Lat;Center Long;C-Square;Depth (m);Surface Water Temp. (°C);Bottom Water Temp. (°C);Surface Salinity (psu);Bottom Salinity (psu);Primary Production (mgC·m-3·day-1);Sea Ice Concentration (0-1 fraction);Dissolved Bottom Oxygen (mmol·m-3);Distance to Land (km)
Sardinella;aurita;-38.25;-57.25;5305:487:1;43;15.0418129;11.94663811;32.84017944;33.56679916;18.40100065;0;270.5519409;82
Sardinella;aurita;-37.75;-57.75;5305:477:4;17;15.51894569;14.92703342;29.3838768;32.98948669;18.07286032;0;267.9219666;0
Sardinella;aurita;-37.25;21.25;3302:371:1;3832;21.06026649;0.815436006;35.46784592;34.76313019;11.04999986;0;219.4962616;336
Sardinella;aurita;-36.75;-55.75;5305:465:4;29;16.10267639;14.06337643;27.45671844;33.71162796;35.28499976;0;269.4363403;111
Sardinella;aurita;-36.75;-52.25;5305:362:3;3219;19.48365021;1.584025979;35.89255905;34.73179626;24.59100075;0;231.9214783;309
Sardinella;aurita;-36.75;-55.25;5305:465:3;48;15.49399471;10.05920124;30.00716591;33.91820526;45.28100044;0;276.1924438;156
Sardinella;aurita;-34.75;20.25;3302:140:3;52;17.92082405;15.41630077;35.51060867;35.22655106;26.15400031;0;191.9469147;17
Sardinella;aurita;-34.75;-54.25;5305:144:3;28;17.03334236;14.39290905;30.04137993;33.87141418;41.51200131;0;264.9350586;16
Sardinella;aurita;-31.25;-50.75;5305:110:2;35;19.64027023;19.40668678;34.03835297;36.18856812;44.99499872;0;222.7884369;19
Sardinella;aurita;-29.75;-49.25;5204:499:3;74;21.00865173;19.15709877;35.10231018;36.36445236;9.274000302;0;198.6703033;87
Sardinella;aurita;-27.75;-48.25;5204:478:3;50;21.74873161;19.23953056;35.40459824;36.38632584;6.624999922;0;198.4468079;24
Sardinella;aurita;-27.75;-48.75;5204:478:4;15;21.42740059;21.08378601;35.13491821;36.15917587;12.25709729;0;222.1359711;6
Sardinella;aurita;-27.25;-48.25;5204:478:1;39;21.90114021;19.9527626;35.40963364;36.36717224;11.14000008;0;205.6757355;24
Sardinella;aurita;-25.25;-47.75;5204:457:2;22;22.94212151;21.86516953;35.11722946;35.56216431;4.333999939;0;231.3843384;25
Sardinella;aurita;-24.75;-47.75;5204:247:4;10;23.04497528;23.14585495;34.76757431;35.05772781;4.846000113;0;219.878418;8
Sardinella;aurita;-24.25;-46.25;5204:246:1;38;23.2967701;20.57438087;35.85988235;36.24436951;13.45499977;0;217.3709717;50
Sardinella;aurita;-23.75;-45.25;5204:235:3;49;23.44502258;23.23439217;36.04138947;36.09441376;20.35400085;0;225.4279633;19
Sardinella;aurita;-23.75;-46.25;5204:236:3;43;23.45882225;22.95336914;35.54825211;35.69953918;16.5595673;0;224.5776672;5
Sardinella;aurita;-23.25;-43.25;5204:133:1;74;23.2908287;18.69041634;36.4451828;36.38629532;32.24600106;0;208.602356;86
Sardinella;aurita;-22.75;-42.75;5204:122:4;26;23.38711739;22.3986721;36.33410645;36.3336525;27.4006892;0;215.636795;4
Sardinella;aurita;-22.75;-43.25;5204:123:3;8;23.4783287;23.66858864;36.31152344;36.18513107;34.57599878;0;218.4372406;8
Sardinella;aurita;-22.75;14.25;3201:124:3;93;15.26634502;14.47493744;35.15172195;35.16149902;110.2669984;0;13.27858353;50
Sardinella;aurita;-22.25;11.75;3201:121:2;2607;18.19034576;2.626502037;35.34201813;34.89622879;22.90299907;0;222.8241119;255
Sardinella;aurita;-21.75;13.75;3201:113:4;101;16.20396614;15.08364487;35.22209549;35.21708679;103.3660024;0;23.9148407;25
Sardinella;aurita;-20.25;-40.25;5204:100:1;24;24.52112961;25.35993958;36.75934219;37.01903534;12.21400034;0;209.0646667;14
Sardinella;aurita;-18.75;12.25;3101:382:3;87;16.63045883;17.4185524;35.72409821;35.47577286;67.50400364;0;122.1546326;20
Sardinella;aurita;-17.25;11.75;3101:371:2;123;18.05231857;19.12477875;35.79440308;35.63025665;75.82086325;0;202.937149;16
Sardinella;aurita;-16.75;11.75;3101:361:4;75;18.70983696;20.42092514;35.76654434;35.74681091;91.38599783;0;213.8145599;18
Sardinella;aurita;-16.25;11.75;3101:361:2;213;19.59871292;21.00342751;35.79101181;35.76788712;78.03100348;0;208.9391479;19
Sardinella;aurita;-14.25;12.25;3101:142:1;1206;22.85420227;17.61874008;35.77308273;35.4466095;49.96399954;0;67.70904541;22
Sardinella;aurita;-13.25;12.75;3101:132:2;500;23.60713959;13.75996971;35.49111557;35.09297943;50.24104565;0;105.1572647;14
Sardinella;aurita;-12.75;12.25;3101:122:3;2174;24.58412361;3.104203939;35.36123276;34.91634369;22.31499925;0;222.6505585;95
Sardinella;aurita;-12.75;13.25;3101:123:3;144;23.75712776;18.8429203;35.29135513;35.24112701;57.25772679;0;148.0126801;7
Sardinella;aurita;-12.25;13.25;3101:123:1;608;24.52466965;6.699042797;35.1985054;34.59204483;44.04800013;0;62.17486572;51
Sardinella;aurita;-12.25;13.75;3101:123:2;109;24.06075859;23.40060425;35.06924438;35.37983322;62.98220158;0;194.5081024;8
Sardinella;aurita;-11.75;13.75;3101:113:4;95;24.39309311;25.05516434;35.09050751;35.43208313;63.94000351;0;213.1802673;18
Sardinella;aurita;-11.25;11.25;3101:111:1;3724;25.28074646;2.07635498;35.62844849;34.90200806;10.35999972;0;230.4194489;284
Sardinella;aurita;-11.25;13.25;3101:113:1;983;24.97364426;4.340947151;34.82960892;34.5462532;27.99700014;0;129.3799438;82
Sardinella;aurita;-11.25;13.75;3101:113:2;198;24.31923485;25.03210258;34.88418961;35.44823456;63.57800215;0;213.299057;20
Sardinella;aurita;-10.75;13.25;3101:103:3;672;24.93501472;9.351810455;34.59341812;34.82464981;33.92000124;0;38.27967072;82
Sardinella;aurita;-10.75;13.75;3101:103:4;73;24.39640045;24.92662239;34.57889557;35.3887291;58.99899453;0;209.2186279;17
Sardinella;aurita;-10.25;13.25;3101:103:1;141;24.81126213;18.05249977;34.20882416;35.63088608;36.39499843;0;60.66358948;27
Sardinella;aurita;-10.25;13.75;3101:103:2;39;24.46325493;24.95827103;34.27087021;35.35627365;54.86299098;0;206.9837646;3
Sardinella;aurita;-9.75;12.75;3001:392:4;713;25.11406326;9.360078812;34.09503555;34.82809448;28.55199948;0;36.12737274;82
Sardinella;aurita;-9.75;13.25;3001:393:3;108;24.66608429;25.29545021;34.03878021;34.9887886;36.20899841;0;213.0030975;18
Sardinella;aurita;-9.25;12.75;3001:392:2;459;24.94424438;15.76165295;33.83712769;35.55854034;40.40100053;0;14.43642807;82
Sardinella;aurita;-9.25;13.25;3001:393:1;59;24.60585594;25.04053879;33.7933197;34.78961945;44.83089969;0;208.0899506;10
Sardinella;aurita;-8.75;13.25;3001:383:3;84;24.55580139;25.32575989;33.53884888;34.55678558;50.87799951;0;214.0771027;19
Sardinella;aurita;-8.25;12.75;3001:382:2;731;25.14134216;9.964425087;32.9316864;35.06076813;27.31899917;0;30.20672607;83
Sardinella;aurita;-8.25;13.25;3001:383:1;82;24.65878677;24.99014091;32.95918274;35.4167099;39.02399912;0;196.2893677;20
Sardinella;aurita;-7.75;12.75;3001:372:4;276;25.09815407;16.59007263;32.00939178;35.63789749;26.26400068;0;31.93611526;51
Sardinella;aurita;-7.75;13.25;3001:373:3;45;24.83521461;24.86474037;31.60168266;35.42541885;35.75515747;0;197.641983;8
Sardinella;aurita;-7.25;12.25;3001:372:1;295;25.52728081;14.9017849;31.2942276;35.53548813;22.53299952;0;8.448854446;83
Sardinella;aurita;-7.25;12.75;3001:372:2;66;25.0500164;24.53049088;30.63122559;35.4635582;27.2489991;0;199.6640778;24
Sardinella;aurita;-6.75;12.25;3001:362:3;55;25.33964348;21.43421364;22.6366787;35.72000122;50.91299862;0;146.4760742;83
Sardinella;aurita;-6.75;12.75;3001:362:4;16;25.12773132;24.77700996;28.11045265;35.41357803;32.94580057;0;202.1552277;12
Sardinella;aurita;-6.75;11.75;3001:361:4;462;25.84476089;10.6195488;27.74227715;35.05443192;33.11499953;0;27.31177711;134
Sardinella;aurita;-6.25;12.75;3001:362:2;3;25.2322731;24.67707443;27.25688553;35.47971725;30.3953141;0;200.8488007;1
Sardinella;aurita;-6.25;11.75;3001:361:2;166;25.74138641;16.2977581;19.52655792;35.685009;57.96699971;0;30.58358574;111
Sardinella;aurita;-6.25;12.25;3001:362:1;33;25.45708084;26.05577469;17.86419487;34.69823837;59.8269999;0;232.2835999;25
Sardinella;aurita;-5.75;11.75;3001:351:4;165;25.70713234;18.30089188;17.55157089;35.76205444;48.67099971;0;89.90531158;96
Sardinella;aurita;-5.75;12.25;3001:352:3;36;25.36749268;24.57303619;25.13087463;35.46439743;29.87779677;0;202.3865662;17
Sardinella;aurita;-5.25;-33.75;5003:353:2;4343;27.71225357;0.858120978;36.05186081;34.72489929;1.037999988;0;237.934967;201
Sardinella;aurita;-5.25;11.75;3001:351:2;137;25.53790092;19.10503387;21.02547455;35.82299042;23.78300019;0;107.4209442;83
Sardinella;aurita;-5.25;12.25;3001:352:1;15;25.46442223;24.49244881;25.2651577;35.50388336;25.86755343;0;199.854126;11
Sardinella;aurita;-4.75;10.75;3001:140:4;1907;26.05322838;3.485893965;29.47011948;34.95180511;15.3280003;0;220.4189911;129
Sardinella;aurita;-4.75;-37.25;5003:247:3;17;27.76387405;27.6566143;35.80730057;36.19320297;8.58100038;0;201.2161865;15
Sardinella;aurita;-4.75;11.75;3001:141:4;51;25.50909805;24.25331688;24.37078476;35.69969559;21.46600001;0;197.4655762;23
Sardinella;aurita;-4.25;11.25;3001:141:1;89;25.6444397;19.95740891;27.63689232;35.85438919;19.66400072;0;141.7253418;26
Sardinella;aurita;-4.25;11.75;3001:141:2;39;25.70288467;24.28493881;24.97811508;35.40323639;21.14066482;0;195.8216858;5
Sardinella;aurita;-3.75;11.25;3001:131:3;22;25.82335091;24.01792526;25.93437195;35.29040146;19.10093985;0;191.3314819;6
Sardinella;aurita;-3.25;9.25;3000:239:1;1445;26.07154465;3.901465893;32.44654846;34.93042755;13.41800019;0;205.1349182;129
Sardinella;aurita;-3.25;10.25;3001:130:1;79;25.64473343;25.8381443;31.04796791;35.54652405;14.71200027;0;218.5408325;27
Sardinella;aurita;-3.25;10.75;3001:130:2;108;25.91604233;23.7130394;28.38229942;35.28219604;16.74561761;0;188.5979309;8
Sardinella;aurita;-2.75;9.75;3000:229:4;76;25.75888824;23.06378555;31.08597946;35.79232025;13.33499979;0;197.6193085;26
Sardinella;aurita;-1.75;7.75;3000:217:4;2836;26.39542389;2.543828011;33.3511734;34.91881561;9.925999679;0;235.4097443;180
Sardinella;aurita;-1.75;8.25;3000:218:3;2021;26.32114029;3.577308893;32.82585907;34.96492004;10.18199977;0;222.2436523;134
Sardinella;aurita;-1.75;9.25;3000:219:3;88;26.0395298;26.4362812;30.80861282;34.3461113;13.14400043;0;210.903656;18
Sardinella;aurita;-1.25;8.75;3000:218:2;155;26.37699318;25.17261696;30.84427261;35.5874176;12.04700023;0;217.1028595;28
Sardinella;aurita;-0.75;8.75;3000:208:4;233;26.73054504;27.12695885;30.16340256;33.92131424;15.34599997;0;209.709198;25
Sardinella;aurita;-0.25;9.25;3000:209:1;31;27.13526344;27.40865326;29.196661;33.44683838;13.30600027;0;209.0520325;19
Sardinella;aurita;-0.25;6.75;3000:206:2;2903;27.01426888;2.311397076;33.05747986;34.90637589;6.134999916;0;235.0173645;111
Sardinella;aurita;0.25;5.25;1000:205:1;3711;27.26128387;2.098753929;33.8173027;34.8990097;6.411000155;0;235.4026184;222
Sardinella;aurita;0.25;6.75;1000:206:2;1148;27.27563477;8.010341644;32.84787369;34.65818024;4.922000226;0;67.72705841;22
Sardinella;aurita;0.25;9.25;1000:209:1;34;27.37114716;27.51321411;28.49863625;32.91075516;11.63700037;0;208.8387909;25
Sardinella;aurita;1.25;9.25;1000:219:1;377;27.62032127;27.86450195;25.87166405;33.90392303;6.016000174;0;221.7342224;27
Sardinella;aurita;1.75;9.25;1000:219:3;1196;27.71026993;5.477797985;25.28769875;34.5338707;4.608000163;0;106.9058609;83
Sardinella;aurita;1.75;9.75;1000:219:4;247;27.64644432;27.47749138;24.11042404;31.66990471;12.36807089;0;208.2980652;13
Sardinella;aurita;2.25;9.75;1000:229:2;444;27.74354935;27.82567978;22.96915436;31.16138649;12.68499997;0;209.4199524;19
Sardinella;aurita;2.75;9.25;1000:229:3;1490;27.86258507;4.316030979;26.5461483;34.81497574;2.642000094;0;181.1830902;83
Sardinella;aurita;3.25;9.75;1000:239:2;61;27.8527298;28.1750164;22.3724575;33.27612686;7.517999969;0;222.8787994;26
Sardinella;aurita;3.25;4.75;1000:134:2;3280;27.97602463;2.29893589;33.74625015;34.91081619;6.723999977;0;236.2515717;208
Sardinella;aurita;3.75;-10.25;7001:130:3;4026;28.13908958;1.870774031;34.55976105;34.88193893;2.006999915;0;243.0598145;208
Sardinella;aurita;3.75;9.25;1000:239:3;102;27.9542141;28.70307159;23.02956009;33.33899689;11.58200018;0;220.2818909;27
Sardinella;aurita;3.75;-5.25;7000:235:3;3912;27.88356781;1.995987058;34.5042038;34.88785172;15.28600045;0;241.2818604;173
Sardinella;aurita;4.25;8.25;1000:248:1;31;27.91189957;23.5845623;25.92296982;34.85951614;1.749000046;0;199.03685;83
Sardinella;aurita;4.25;8.75;1000:248:2;110;27.92451859;28.93787003;24.42519569;33.37188721;3.724999959;0;222.3633118;27
Sardinella;aurita;4.25;-7.75;7000:247:2;696;27.76987457;18.40420532;33.92099762;35.70812225;13.62499967;0;94.28594208;25
Sardinella;aurita;4.25;-0.25;7000:140:1;4378;27.63907814;1.842089057;34.54590225;34.87599182;22.09199965;0;237.1302643;148
Sardinella;aurita;4.25;-1.75;7000:141:2;1020;27.4540329;10.67752266;34.48155212;35.04244614;30.96400015;0;45.92642212;97
Sardinella;aurita;4.25;5.25;1000:245:1;385;28.05521584;16.91852951;30.69812965;35.77907181;9.259000421;0;86.32579041;96
Sardinella;aurita;4.25;6.25;1000:246:1;12;27.94161606;29.00278473;28.85415649;33.51557922;11.89600024;0;214.599884;22
Sardinella;aurita;4.25;6.75;1000:246:2;17;27.89378929;28.80182648;27.96509552;33.88333511;10.82799956;0;220.0475769;23
Sardinella;aurita;4.25;7.75;1000:247:2;31;27.88664246;28.16018486;26.6758213;33.48231888;2.543000039;0;223.3390198;83
Sardinella;aurita;4.75;-51.75;7005:141:4;49;27.98382759;28.11914444;23.53014183;35.37049484;23.12099934;0;215.484848;26
Sardinella;aurita;4.75;-6.75;7000:246:4;124;26.87981224;27.37140656;33.84325027;34.63060379;53.77800018;0;206.6826172;13
Sardinella;aurita;4.75;-7.25;7000:247:3;2;27.12535286;26.02675438;33.70219421;34.73744965;42.66208783;0;193.625946;2
Sardinella;aurita;4.75;-8.25;7000:248:3;50;27.60131264;25.36931801;33.52588272;34.83910751;21.22781612;0;189.1812592;8
Sardinella;aurita;4.75;-9.25;7000:249:3;349;27.94516945;16.14845467;33.5844841;35.67781067;7.91299995;0;59.62492371;51
Sardinella;aurita;4.75;-1.75;7000:141:4;43;27.00889587;20.48271751;34.39186478;35.82811356;47.29900137;0;123.6952438;24
Sardinella;aurita;4.75;-2.25;7000:142:3;118;27.15652466;20.40960693;34.10822678;35.82341766;33.54400024;0;118.8471985;22
Sardinella;aurita;4.75;-2.75;7000:142:4;452;27.21494102;17.50582123;34.23199844;35.8007164;33.41700137;0;72.55609894;51
Sardinella;aurita;4.75;-5.75;7000:245:4;972;26.98294067;4.57739687;34.19381332;34.65045166;51.40699819;0;148.2698669;51
Sardinella;aurita;4.75;-6.25;7000:246:3;630;26.86566734;25.66171265;33.98700333;35.12591553;58.01299959;0;182.1877289;23
Sardinella;aurita;5.25;-4.25;7000:354:1;292;26.89608955;25.60950851;34.2264061;35.06915665;51.42400041;0;194.3682251;14
Sardinella;aurita;5.25;-4.75;7000:354:2;92;26.92613792;24.50011635;34.0859108;35.0155983;50.60478672;0;194.0574493;11
Sardinella;aurita;5.25;-52.75;7005:352:2;17;27.70601273;27.7654705;26.84012604;31.94462776;29.58199941;0;212.3627319;12
Sardinella;aurita;5.25;0.25;1000:350:1;2171;27.2180748;2.713536024;34.43334961;34.93760681;29.17000093;0;237.4545746;84
Sardinella;aurita;5.25;5.25;1000:455:1;67;27.988451;28.08908081;28.5512867;34.53065872;10.96499991;0;211.1867523;24
Sardinella;aurita;5.25;-5.25;7000:455:1;26;26.95119286;24.21897125;33.92825317;34.96085739;49.85466227;0;194.0721283;9
Sardinella;aurita;5.25;-9.75;7000:459:2;386;27.91490936;16.72651863;32.80241013;35.72492599;9.891999885;0;62.44877625;27
Sardinella;aurita;5.25;2.25;1000:352:1;3425;27.86058617;2.137883902;34.1847229;34.8990097;14.54299968;0;235.7295074;139
Sardinella;aurita;5.25;-0.25;7000:350:1;604;26.95555687;11.59111977;34.50387573;35.26517105;40.22299871;0;41.08086395;27
Sardinella;aurita;5.25;-0.75;7000:350:2;42;26.80474281;25.11566353;34.47854614;35.0743866;43.21200028;0;192.7947845;17
Sardinella;aurita;5.25;-1.25;7000:351:1;27;26.88702774;24.84561157;34.2649498;35.16424179;43.42928156;0;186.3665314;9
Sardinella;aurita;5.25;-1.75;7000:351:2;21;26.92458916;25.01922989;34.17392349;35.13485336;43.52360219;0;186.6534576;1
Sardinella;aurita;5.25;-3.25;7000:353:1;85;26.96167946;26.31120491;34.11082077;34.84947205;45.17053813;0;201.5914459;9
Sardinella;aurita;5.25;-3.75;7000:353:2;213;26.9573822;27.20597649;34.1170845;34.73609924;46.37600109;0;210.3372192;13
Sardinella;aurita;5.75;-50.75;7005:350:4;2226;28.24540329;2.616280079;34.0072403;34.92105103;10.98799985;0;263.5995178;208
Sardinella;aurita;5.75;0.25;1000:350:3;209;26.88141632;26.09002113;33.71290207;35.20019913;44.33999956;0;207.5970612;15
Sardinella;aurita;5.75;1.25;1000:351:3;1177;27.3786869;3.610812902;33.54463577;34.95883942;23.18000048;0;220.9782715;51
Sardinella;aurita;5.75;-10.25;7001:350:3;310;27.86195755;18.41123009;31.43519783;35.68544006;10.63599996;0;92.29814911;27
Sardinella;aurita;5.75;4.75;1000:354:4;166;28.05468178;25.53919029;27.51709175;35.19244766;11.28199976;0;204.2681885;27
Sardinella;aurita;6.25;3.75;1000:363:2;437;27.97423553;17.83087349;30.55384827;35.81804657;24.37699959;0;74.44429016;26
Sardinella;aurita;6.25;4.25;1000:364:1;194;28.02993011;25.48357773;29.60213089;35.21987152;14.83299956;0;203.0252838;23
Sardinella;aurita;6.25;-55.25;7005:465:1;37;27.49577332;27.52948952;34.51737213;34.91443253;35.1030007;0;205.2424164;27
Sardinella;aurita;6.25;-55.75;7005:465:2;55;27.44368744;27.48757172;34.76037216;35.78831863;31.60100058;0;203.3214722;27
Sardinella;aurita;6.25;-10.75;7001:360:2;170;27.76859856;27.40385628;30.97664261;34.81986237;12.52000034;0;213.3480835;21
Sardinella;aurita;6.25;1.25;1000:361:1;27;27.26926613;26.57334709;33.02318573;35.23009491;23.95969816;0;212.4585419;8
Sardinella;aurita;6.25;1.75;1000:361:2;193;27.44004631;26.81876945;32.78376389;35.24300003;17.96500012;0;213.6737061;16
Sardinella;aurita;6.25;2.25;1000:362:1;449;27.63055611;21.36766243;32.20204163;35.74435043;17.54499972;0;143.0988464;20
Sardinella;aurita;6.25;-13.75;7001:363:2;4513;28.30449104;1.858778;34.60809708;34.87694168;1.708999975;0;243.0743408;249
Sardinella;aurita;6.25;2.75;1000:362:2;373;27.78365898;21.40220642;31.54383278;35.73527908;20.88600025;0;143.0328522;23
Sardinella;aurita;6.75;-56.75;7005:466:4;136;27.71352768;27.02416229;35.26202011;35.91334534;19.03500035;0;203.7274323;111
Sardinella;aurita;6.75;-57.75;7005:467:4;5;28.01782227;27.95625877;33.72926712;35.29631424;21.53700031;0;205.4176941;22
Sardinella;aurita;6.75;-11.25;7001:361:3;101;27.63924026;27.93969536;30.06087875;34.44429016;12.90600002;0;205.3517151;15
Sardinella;aurita;6.75;-12.25;7001:362:3;2286;27.89372444;3.404525042;33.16625214;34.94638443;7.876000367;0;235.2101288;96
Sardinella;aurita;7.25;-11.75;7001:371:2;22;27.58205795;27.92069626;29.75445747;34.39664078;21.31300047;0;205.4316711;8
Sardinella;aurita;7.25;-12.75;7001:372:2;683;27.69786835;10.2238512;31.98723221;35.12300873;12.65200041;0;67.43319702;96
Sardinella;aurita;7.75;-13.25;7001:373:3;203;27.67610741;27.98914337;32.43228149;34.63474655;8.891999722;0;205.0462494;96
Sardinella;aurita;7.75;-13.75;7001:373:4;175;27.73706436;19.85526848;33.44531631;35.72570419;4.761000164;0;140.1996155;133
Sardinella;aurita;7.75;-57.25;7005:477:3;218;28.09076881;21.4311142;34.31080627;36.40907288;8.937999606;0;172.5579529;172
Sardinella;aurita;8.25;-13.25;7001:383:1;135;27.76228905;28.00337982;31.91379356;34.7895546;11.47300005;0;209.9321594;23
Sardinella;aurita;8.25;-58.25;7005:488:1;280;28.15044212;27.35692787;34.73968506;36.12067032;11.81400008;0;206.4365234;129
Sardinella;aurita;8.75;-54.75;7005:384:4;2638;28.23009109;3.043363094;33.32558823;34.95664597;5.580000114;0;264.4031677;333
Sardinella;aurita;8.75;-13.75;7001:383:4;46;27.79971504;25.61721611;32.90052032;35.24835587;8.732000366;0;210.0717316;96
Sardinella;aurita;8.75;-16.25;7001:486:3;3649;27.68064499;1.996587992;34.97229767;34.89001083;1.969000092;0;244.090271;285
Sardinella;aurita;9.25;-80.25;7008:390:1;222;28.19075394;28.27092552;34.94136047;35.50231552;3.198999912;0;201.0080109;17
Sardinella;aurita;9.25;-14.75;7001:394:2;51;27.54358673;22.50385094;34.52224731;35.50234222;3.419999965;0;190.2424622;148
Sardinella;aurita;9.25;-17.75;7001:497:2;2960;27.38214111;2.585203886;35.09360123;34.92442703;1.730000018;0;243.214325;331
Sardinella;aurita;9.75;-60.75;7006:390:4;43;28.02658653;27.26405525;32.596138;36.17618179;36.75499931;0;204.6200562;27
Sardinella;aurita;9.75;-75.75;7007:495:4;32;28.92476654;28.79924965;34.85298538;35.6793251;31.9009982;0;203.1296844;23
Sardinella;aurita;9.75;-13.75;7001:393:4;43;27.83081627;27.9225235;32.20294571;34.03223801;27.08099969;0;204.9550171;19
Sardinella;aurita;9.75;-14.25;7001:394:3;79;27.69299889;27.19506645;32.94094849;35.16418076;12.2659998;0;212.8582458;84
Sardinella;aurita;9.75;-56.75;7005:496:4;3533;28.21846199;2.173738003;33.86086655;34.90908813;3.562999889;0;263.9998779;364
Sardinella;aurita;10.25;-64.25;7106:104:1;252;26.49966049;26.56701279;35.5499382;35.76605606;30.79460748;0;208.0966492;5
Sardinella;aurita;10.25;-65.25;7106:205:1;73;26.62557411;26.45624733;36.26422501;36.24892426;23.55699986;0;209.0789948;20
Sardinella;aurita;10.25;-83.25;7108:103:1;349;28.21651268;26.59588242;35.10098648;36.54711151;11.38699986;0;210.9878235;15
Sardinella;aurita;10.25;-65.75;7106:205:2;68;26.78063202;26.77362442;36.04547501;36.16506577;20.55300027;0;206.673584;12
Sardinella;aurita;10.25;-14.75;7101:104:2;15;27.46082306;27.67521477;32.86884689;34.79013062;10.11800021;0;208.9152069;27
Sardinella;aurita;10.25;-15.75;7101:205:2;110;26.93660927;23.75843811;34.33764267;35.48946762;7.946000434;0;198.5255585;133
Sardinella;aurita;10.25;-16.25;7101:206:1;51;26.66789818;21.9661026;34.67410278;35.50034714;8.086999878;0;188.4561005;166
Sardinella;aurita;10.25;-61.75;7106:101:2;14;28.05151176;28.15471458;32.52985382;35.1157608;37.30199859;0;208.267868;24
Sardinella;aurita;10.75;-63.75;7106:103:4;27;26.11197281;26.31435013;36.16041183;35.86654282;37.66899928;0;208.7710266;20
Sardinella;aurita;10.75;-82.25;7108:102:3;2268;28.37081337;3.881162882;35.59889603;34.97262192;0.214;0;200.8261719;129
Sardinella;aurita;10.75;-79.25;7107:209:3;3490;28.20992088;3.857203007;35.56275558;34.97763824;0.246000011;0;195.0146484;166
Sardinella;aurita;10.75;-83.75;7108:103:4;23;28.23962784;22.62759972;34.60927582;35.70669937;18.86801235;0;190.9694214;4
Sardinella;aurita;10.75;-65.25;7106:205:3;827;26.79603767;4.771644115;36.194561;34.9007225;11.68099977;0;182.1519623;27
Sardinella;aurita;10.75;-66.25;7106:206:3;156;26.75608826;21.11869049;36.17848969;36.62508011;15.59100021;0;171.5762634;20
Sardinella;aurita;10.75;-68.25;7106:208:3;33;27.26219559;26.52280426;36.45673752;36.48924637;10.8939996;0;210.0456696;14
Sardinella;aurita;10.75;-16.25;7101:206:3;8;26.72319603;26.53735733;34.36034393;35.25060272;12.59000041;0;210.2998505;110
Sardinella;aurita;10.75;-60.25;7106:100:3;448;28.18929672;5.486174107;33.73536301;34.61824799;14.72199988;0;171.3851929;109
Sardinella;aurita;10.75;-16.75;7101:206:4;79;26.31758308;18.70113182;34.61317444;35.66294479;13.30600027;0;132.3930511;133
Sardinella;aurita;10.75;-61.25;7106:101:3;63;27.94060326;25.26993179;32.76372528;36.13636017;31.33865818;0;194.8126678;11
Sardinella;aurita;10.75;-61.75;7106:101:4;73;27.82592201;25.70988464;31.6355896;36.15470123;28.26200053;0;200.1269989;26
Sardinella;aurita;11.25;-60.75;7106:110:2;137;27.99952507;28.00699425;33.46526718;34.14878464;18.97899993;0;204.6542358;26
Sardinella;aurita;11.25;-62.75;7106:112:2;81;27.31220627;24.69693756;33.74769974;36.2304039;34.93599966;0;199.7779083;97
Sardinella;aurita;11.25;-75.75;7107:215:2;2159;28.05745888;3.92505908;35.32250977;34.97071838;2.186999889;0;210.7470551;129
Sardinella;aurita;11.25;-73.25;7107:113:1;86;27.65886879;21.66194534;35.07054901;35.6602478;20.0288929;0;193.2794037;8
Sardinella;aurita;11.25;-16.25;7101:216:1;4;27.24312592;27.2369709;34.08948898;35.0003891;13.61900009;0;203.8331757;25
Sardinella;aurita;11.25;-74.25;7107:114:1;415;27.48976326;27.71393585;35.2395401;35.83765793;29.83199991;0;205.4046783;21
Sardinella;aurita;11.75;-17.25;7101:217:3;385;25.86738968;16.54776955;34.72500992;35.59788132;17.03999937;0;83.74750519;132
Sardinella;aurita;11.75;-72.25;7107:112:3;53;27.06615257;26.9400177;34.9586525;36.18228149;19.04308982;0;206.2106934;5
Sardinella;aurita;11.75;-72.75;7107:112:4;116;26.78844452;27.05506516;36.33035278;36.09727478;4.585000221;0;204.5674591;18
Sardinella;aurita;11.75;-65.75;7106:215:4;1395;27.35199547;4.051836014;35.42812347;34.96429062;6.345000118;0;203.5557404;109
Sardinella;aurita;11.75;-73.25;7107:113:3;973;27.00079536;8.04743576;36.10512161;34.81669235;3.817999968;0;156.770813;51
Sardinella;aurita;11.75;-16.25;7101:216:3;6;27.27216721;25.4606514;33.72049713;35.33821106;15.98799974;0;210.5535278;24
Sardinella;aurita;11.75;-74.25;7107:114:3;1547;27.32252121;4.077731133;35.49050903;34.96068954;11.09699998;0;210.3542786;97
Sardinella;aurita;12.25;-17.25;7101:227:1;316;25.56604004;18.47249222;34.62868881;35.62419891;20.34500055;0;132.6623993;109
Sardinella;aurita;12.25;-71.75;7107:121:2;39;26.82059288;23.62316895;35.88100433;35.97190094;9.599085897;0;197.8631287;9
Sardinella;aurita;12.25;-72.75;7107:122:2;505;26.66817093;14.69587994;36.34854507;35.73727798;4.691999871;0;150.5448456;84
Sardinella;aurita;12.25;-61.25;7106:121:1;899;28.0157299;4.503552914;34.21087265;34.9953537;7.397999987;0;203.296814;109
Sardinella;aurita;12.25;-61.75;7106:121:2;1553;28.02028275;13.41704559;34.3146019;35.37916565;7.360000163;0;152.6338348;26
Sardinella;aurita;12.25;-66.75;7106:226:2;2441;27.63144875;3.881419897;35.21808243;34.97298813;2.997000003;0;197.4714661;110
Sardinella;aurita;12.25;-68.25;7106:228:1;1138;27.6710434;24.54981041;35.48891068;36.77396393;2.596999984;0;208.1240845;26
Sardinella;aurita;12.25;-68.75;7106:228:2;1188;27.60768318;4.05381918;35.65722275;34.96721649;2.705000108;0;208.1839447;26
Sardinella;aurita;12.75;-68.75;7106:228:4;2442;27.82153511;3.874805927;35.47026443;34.97496414;2.313999925;0;196.9604797;110
Sardinella;aurita;12.75;-70.25;7107:120:3;411;27.37982941;10.78749371;36.06437302;35.21002197;6.575000007;0;157.4747314;27
Sardinella;aurita;12.75;-69.75;7106:229:4;1113;27.67617989;4.056714058;35.80973053;34.96693039;3.109999932;0;210.4335175;27
Sardinella;aurita;13.25;-16.75;7101:236:2;24;25.44701576;24.66278076;33.86091614;35.2645607;36.46682948;0;206.5784149;16
Sardinella;aurita;13.25;-68.25;7106:238:1;3781;27.94864845;3.84741497;35.16407013;34.97357941;1.811999944;0;196.395874;165
Sardinella;aurita;13.25;-81.25;7108:131:1;1325;28.13525581;4.855116844;35.73825073;34.91839981;0.525999989;0;187.6018066;27
Sardinella;aurita;13.25;-18.25;7101:238:1;3569;25.52114105;2.296144009;35.37859726;34.91270447;14.48099967;0;238.6707916;205
Sardinella;aurita;13.25;-58.75;7105:238:2;2282;27.99283218;2.775198936;34.30779648;34.95246124;1.252999995;0;264.717926;108
Sardinella;aurita;13.25;-59.75;7105:239:2;1125;28.00850105;9.290927887;34.33598328;34.89160538;2.253999934;0;162.0897064;25
Sardinella;aurita;13.25;-61.25;7106:131:1;1514;28.03458023;9.859059334;34.27379608;35.17002869;3.107582685;0;212.3110504;25
Sardinella;aurita;13.25;-62.25;7106:132:1;2990;28.10501671;3.963741064;34.37327957;34.97738266;3.635999979;0;199.565033;162
Sardinella;aurita;13.75;-16.25;7101:236:3;1;25.22636414;24.84012413;33.56814194;35.27428055;41.82646796;0;203.1237335;1
Sardinella;aurita;13.75;-16.75;7101:236:4;43;25.11859703;24.93144989;33.67933655;35.31103897;44.94599998;0;213.9147034;22
Sardinella;aurita;13.75;-60.75;7106:130:4;834;27.99264908;4.946578979;34.32496643;34.93877029;1.992000034;0;194.6582336;24
Sardinella;aurita;13.75;-61.75;7106:131:4;2955;28.08033371;3.781044006;34.29962158;34.94530106;2.392000053;0;209.6367645;108
Sardinella;aurita;14.25;-83.25;7108:143:1;12;28.22714996;28.34454536;35.19644928;36.10976791;7.732999977;0;199.6880493;15
Sardinella;aurita;14.25;-16.75;7101:246:2;4;24.67566109;23.41429138;33.76068878;35.44855118;46.13941908;0;197.2033081;9
Sardinella;aurita;14.75;-60.25;7106:140:3;2709;27.91692543;2.517456055;34.55768204;34.93145752;1.06499996;0;264.5852661;108
Sardinella;aurita;14.75;-61.25;7106:141:3;1942;27.92669487;6.848761082;34.43145752;34.74866486;1.522999955;0;167.0751801;23
Sardinella;aurita;14.75;-17.25;7101:247:3;66;24.14323616;16.58165169;34.65181351;35.43659592;39.20811787;0;122.9018326;19
Sardinella;aurita;14.75;-17.75;7101:247:4;1233;24.43582726;6.179016113;35.04454041;34.85845947;27.65700035;0;109.9039078;81
Sardinella;aurita;14.75;-19.25;7101:249:3;3546;25.15924644;2.209295988;35.68157196;34.91403961;16.15400054;0;238.7479706;242
Sardinella;aurita;15.25;-18.25;7101:458:1;2694;24.74881363;2.841942072;35.40062714;34.9507637;21.28100023;0;232.5841217;144
Sardinella;aurita;15.75;-88.25;7108:458:3;275;28.29347038;28.42404366;35.36618423;35.91744614;0.293999998;0;198.1471863;11
Sardinella;aurita;15.75;-21.25;7102:351:3;3952;24.66362;2.059607983;35.9888649;34.89006805;14.78699967;0;245.9167786;223
Sardinella;aurita;15.75;-60.25;7106:350:3;3982;27.83470535;1.501392961;34.75453186;34.86285019;0.79999998;0;256.1736145;161
Sardinella;aurita;15.75;-61.25;7106:351:3;488;27.83718872;7.936592102;34.73107529;34.90514755;1.012000022;0;163.7899628;25
Sardinella;aurita;15.75;-84.25;7108:354:3;21;28.17406273;28.1674614;35.47714996;36.1313591;7.08599994;0;199.6160889;13
Sardinella;aurita;16.25;-88.25;7108:468:1;331;28.25362206;23.9252491;35.44549179;36.80870056;0.952999981;0;210.5975647;26
Sardinella;aurita;16.25;-22.75;7102:362:2;765;24.35806084;22.80172729;36.16569901;36.2707634;5.572999828;0;220.2815094;22
Sardinella;aurita;16.25;-60.25;7106:360:1;4651;27.78257561;1.501999021;34.83958817;34.86444473;0.716999988;0;256.1256409;160
Sardinella;aurita;16.25;-61.25;7106:361:1;710;27.78964615;23.92855072;34.87618256;37.01062012;0.861999986;0;220.2638092;23
Sardinella;aurita;16.25;-82.25;7108:362:1;57;28.30038834;27.91381264;35.77844238;36.18104553;0.384000014;0;201.6103516;205
Sardinella;aurita;16.25;-66.75;7106:466:2;4528;28.04405594;3.837510109;34.83789063;34.98060608;0.933000003;0;196.2530212;228
Sardinella;aurita;16.75;-85.75;7108:465:4;2603;28.12344742;4.034873962;35.76190567;34.9599762;0.237999993;0;208.0287476;109
Sardinella;aurita;16.75;-73.25;7107:363:3;4294;28.03212738;3.844120979;35.4383049;34.98060608;0.792999985;0;196.5482178;220
Sardinella;aurita;16.75;-62.25;7106:362:3;776;27.8582058;27.81162643;34.66748047;35.29128647;1.009;0;202.763092;26
Sardinella;aurita;16.75;-62.75;7106:362:4;1265;27.92348289;4.043931007;34.61011505;34.97138214;1.001999946;0;201.1630096;107
Sardinella;aurita;16.75;-63.75;7106:363:4;1514;28.00617409;4.074179173;34.61817169;34.96847534;0.980000012;0;201.8574066;173
Sardinella;aurita;16.75;-69.75;7106:469:4;4356;28.00204468;3.836069107;35.23992157;34.97870255;0.89700002;0;197.0758514;196
Sardinella;aurita;17.25;-61.75;7106:371:2;197;27.68624115;27.68080521;35.01638031;35.47792053;0.838999986;0;203.2589569;25
Sardinella;aurita;17.25;-62.75;7106:372:2;537;27.80253792;18.29744911;34.74814606;36.44554901;0.913000025;0;170.8842621;26
Sardinella;aurita;17.25;-87.25;7108:477:1;2937;28.13832092;3.589915991;35.78749084;34.98529816;0.226999997;0;240.9546814;106
Sardinella;aurita;17.25;-88.25;7108:478:1;3;28.09431839;28.10227966;35.49018097;35.94343185;1.756999991;0;199.2375183;15
Sardinella;aurita;17.75;-65.75;7106:475:4;1840;27.90993881;3.989079952;34.77581406;34.9785614;0.728000014;0;205.0373077;106
Sardinella;aurita;17.75;-66.25;7106:476:3;1694;27.93412399;5.37668705;34.80283356;34.92811203;0.691000023;0;182.9837799;26
Sardinella;aurita;17.75;-66.75;7106:476:4;2062;27.99444389;3.895410061;34.81164932;34.9748764;0.685999985;0;200.8828888;106
Sardinella;aurita;17.75;-64.25;7106:374:3;1809;27.87363052;3.913317919;34.76826859;34.97584152;0.79000002;0;207.3763428;106
Sardinella;aurita;17.75;-64.75;7106:374:4;1941;27.85839272;27.79980659;34.77820587;35.3580513;0.721000019;0;202.5073547;25
Sardinella;aurita;17.75;-76.75;7107:476:4;945;28.22816086;4.110900879;35.58903122;34.96897888;0.357000012;0;232.069809;24
Sardinella;aurita;17.75;-60.25;7106:370:3;5792;27.61965179;1.385105014;35.08572388;34.84175491;0.528000004;0;254.2949524;212
Sardinella;aurita;18.25;-94.25;7109:384:1;27;26.9536171;26.99629974;34.84181976;36.01282501;5.10600023;0;203.2688141;16
Sardinella;aurita;18.25;-65.25;7106:485:1;576;27.77040863;27.63127136;34.86244965;35.73390579;0.855999999;0;204.1411438;26
Sardinella;aurita;18.25;-67.25;7106:487:1;432;28.02871323;27.12167168;34.82711411;35.97822571;0.652000017;0;207.3553162;19
Sardinella;aurita;18.25;-87.75;7108:487:2;560;28.03432274;5.008315086;35.11979675;34.89481354;1.622000011;0;179.1261749;23
Sardinella;aurita;18.25;-63.25;7106:383:1;532;27.67394638;23.31959343;34.87652969;37.02880478;0.768000027;0;219.1942444;25
Sardinella;aurita;18.25;-70.75;7107:380:2;1581;28.02951431;5.964118004;35.05438614;34.85990906;1.252999995;0;172.5650177;20
Sardinella;aurita;18.25;-64.75;7106:384:2;1200;27.73595428;14.55997944;34.90682983;35.95181656;0.577000028;0;160.1513214;24
Sardinella;aurita;18.25;-76.25;7107:486:1;1599;28.26079178;3.769092083;35.60390854;34.99275589;0.232000006;0;243.7397461;22
Sardinella;aurita;18.75;-16.25;7101:486:3;111;21.67972755;22.01587868;35.83041763;35.91284943;98.91299903;0;217.3735657;21
Sardinella;aurita;18.75;-18.75;7101:488:4;3008;22.91735268;2.575036049;35.99432755;34.93579865;21.38499916;0;233.9134827;290
Sardinella;aurita;18.75;-62.25;7106:382:3;5471;27.53315926;1.382369995;35.23921204;34.84052658;0.552000012;0;254.2093811;129
Sardinella;aurita;18.75;-91.75;7109:381:4;43;27.52809906;27.58241463;34.42650986;36.19029236;9.135999717;0;200.4893341;25
Sardinella;aurita;18.75;-72.75;7107:382:4;539;28.65804863;27.97062111;35.59463501;35.81669617;0.521000009;0;202.6675415;21
Sardinella;aurita;18.75;-92.25;7109:382:3;13;27.3388443;27.39652634;34.49563217;36.16844559;7.664999925;0;201.9924622;16
Sardinella;aurita;18.75;-92.75;7109:382:4;46;27.13803482;27.19899178;33.69224548;36.19781876;18.71200092;0;204.6161041;24
Sardinella;aurita;18.75;-93.75;7109:383:4;176;27.04715919;21.36672592;34.94975662;36.37586594;3.023999976;0;202.8594666;85
Sardinella;aurita;18.75;-78.25;7107:488:3;4387;28.47332764;3.554279089;35.6136055;34.99399948;0.388999993;0;252.9679718;105
Sardinella;aurita;19.25;-96.25;7109:496:1;29;26.86031151;17.49079704;34.92939377;35.64344788;6.114885677;0;178.6239319;9
Sardinella;aurita;19.25;-80.75;7108:390:2;3886;28.34147263;3.574158907;35.73236084;34.98503876;0.322000007;0;247.9909058;105
Sardinella;aurita;19.25;-81.25;7108:391:1;2185;28.32367134;3.649058104;35.74504471;34.98290253;0.350999995;0;237.6646576;26
Sardinella;aurita;19.75;-75.25;7107:495:3;3306;28.35643387;3.560314894;35.63035583;34.97867203;0.80899999;0;252.3738708;23
Sardinella;aurita;19.75;-90.75;7109:390:4;19;27.40391922;27.40492821;36.49118805;36.28544235;3.95500008;0;200.5267792;22
Sardinella;aurita;19.75;-16.75;7101:496:4;31;22.65719032;21.98231125;36.13821411;35.9664917;55.03400043;0;228.8990631;79
Sardinella;aurita;19.75;-91.25;7109:391:3;8;27.21325111;27.08594131;36.41682816;36.37443542;1.840000041;0;204.1731262;92
Sardinella;aurita;19.75;-91.75;7109:391:4;57;27.21122932;25.32205391;36.24445724;36.40451431;0.457999995;0;214.0296173;127
Sardinella;aurita;19.75;-95.25;7109:495:3;2356;26.92650223;3.936079979;35.94088745;34.97704315;0.144999998;0;178.7990723;127
Sardinella;aurita;19.75;-87.25;7108:497:3;656;28.04047012;4.76401186;35.79415512;34.91670609;0.844999973;0;183.4042511;25
Sardinella;aurita;19.75;-63.75;7106:393:4;6859;27.46063995;1.385951996;35.33909988;34.84472656;0.321;0;254.3891144;175
Sardinella;aurita;20.25;-91.75;7209:101:2;22;27.12651443;26.13477516;36.3322258;36.42975616;0.608999981;0;211.1084442;166
Sardinella;aurita;20.25;-92.25;7209:102:1;860;27.18593597;15.63346291;36.1171608;35.93976593;0.169999999;0;124.6025467;196
Sardinella;aurita;20.25;-16.25;7201:206:1;251;23.08422852;21.66429138;36.34975052;36.00781631;38.27000037;0;229.8258209;15
Sardinella;aurita;20.25;-16.75;7201:206:2;150;22.39994049;21.48848724;36.16953278;36.0115242;106.922999;0;233.3021545;78
Sardinella;aurita;20.25;-96.75;7209:206:2;51;26.44958496;26.08231926;35.62380981;36.31771088;3.878999967;0;208.6804352;13
Sardinella;aurita;20.25;-17.75;7201:207:2;944;20.72901344;7.993546009;36.03609848;35.03879166;64.12100047;0;85.18800354;128
Sardinella;aurita;20.75;-90.25;7209:100:3;6;26.78244781;26.90911293;36.31451416;36.41974258;4.850591533;0;202.2729797;7
Sardinella;aurita;20.75;-16.75;7201:206:4;81;21.13209915;20.66313934;36.10858917;36.07934952;139.3949986;0;229.7518005;20
Sardinella;aurita;20.75;-82.75;7208:102:4;4490;28.23108101;3.58543992;35.84698105;34.9901123;0.138999996;0;241.3625031;108
Sardinella;aurita;21.25;-86.75;7208:216:2;71;27.75334549;27.53489113;36.03261566;36.07911301;4.62900009;0;203.6090393;17
Sardinella;aurita;21.25;-93.75;7209:113:2;2795;27.03461456;3.933653116;36.07605743;34.97061157;0.112000002;0;177.2402191;328
Sardinella;aurita;21.25;-89.75;7208:219:2;8;26.39539909;26.58759499;36.29656982;36.42525101;4.646110814;0;204.2422638;12
Sardinella;aurita;21.75;-79.25;7207:219:3;11;27.88582993;26.616745;35.83078003;36.22756195;0.543400005;0;196.1735229;6
Sardinella;aurita;21.75;-86.75;7208:216:4;26;27.33992386;26.89012718;36.10482788;36.13647842;4.513999913;0;206.3543701;25
Sardinella;aurita;21.75;-92.25;7209:112:3;280;26.96339417;21.82717705;36.38438034;36.4433403;0.279;0;206.3949738;256
Sardinella;aurita;21.75;-87.75;7208:217:4;15;25.99225426;26.28528023;36.21571732;36.27281952;4.629999865;0;208.1672211;22
Sardinella;aurita;21.75;-88.25;7208:218:3;17;25.92665482;25.43292809;36.25012589;36.36584091;4.958999809;0;212.7515717;21
Sardinella;aurita;21.75;-97.25;7209:217:3;227;26.42816925;20.93648911;35.81737137;36.3977623;1.570999972;0;184.5235443;26
Sardinella;aurita;21.75;-71.75;7207:111:4;291;27.29539871;27.09355545;35.85189056;36.44976044;0.205000004;0;202.9382477;23
Sardinella;aurita;22.25;-82.25;7208:122:1;99;27.68332863;27.76619148;35.92035675;35.9087944;0.250000012;0;201.2578583;25
Sardinella;aurita;22.25;-90.25;7209:120:1;51;26.67853737;25.25766563;36.37373734;36.46147156;1.797999954;0;213.843689;149
Sardinella;aurita;22.25;-90.75;7209:120:2;57;26.7355938;25.81125069;36.39965439;36.48386002;1.392000006;0;211.8813324;171
Sardinella;aurita;22.25;-88.25;7208:228:1;36;26.27463341;26.23726273;36.28391266;36.3214035;3.438000102;0;207.289093;85
Sardinella;aurita;22.25;-88.75;7208:228:2;40;26.35941887;24.9912796;36.31373978;36.40859985;3.025999991;0;213.763504;97
Sardinella;aurita;22.25;-97.75;7209:227:2;18;25.93422127;25.75298691;35.52429581;36.46923828;43.26700047;0;210.9662933;15
Sardinella;aurita;22.75;-70.75;7207:120:4;5330;27.16830254;1.528828979;35.9542923;34.85385132;0.113000002;0;256.5246582;174
Sardinella;aurita;22.75;-79.25;7207:229:3;204;27.42326736;20.06503677;36.15886688;36.61238098;0.685999985;0;172.1821289;25
Sardinella;aurita;22.75;-89.75;7208:229:4;90;26.86503601;23.32770729;36.3408432;36.44900131;0.89700002;0;216.1016083;197
Sardinella;aurita;23.25;-86.75;7208:236:2;627;27.72897148;7.195714951;35.94895935;34.9537468;1.404999988;0;162.2313995;218
Sardinella;aurita;23.25;-87.25;7208:237:1;121;27.37069321;25.08333778;36.07181549;36.34722137;1.364000025;0;211.6299744;203
Sardinella;aurita;23.25;-82.25;7208:132:1;1119;27.62192345;12.5248003;35.96471786;35.33753586;0.58599998;0;156.5247955;16
Sardinella;aurita;23.25;-87.75;7208:237:2;80;27.05263519;24.10486603;36.1714325;36.36542892;1.154000056;0;211.8338928;197
Sardinella;aurita;23.25;-82.75;7208:132:2;1312;27.67579842;3.886586905;35.96304321;34.97064209;0.600000028;0;210.1021118;23
Sardinella;aurita;23.75;-87.25;7208:237:3;359;27.58559418;13.01056194;36.0091362;35.50247574;1.05099997;0;152.2848969;257
Sardinella;aurita;24.25;-97.25;7209:247:1;157;26.1035881;21.28947639;35.83214188;36.42414474;0.870999997;0;191.6575012;76
Sardinella;aurita;24.25;-97.75;7209:247:2;7;25.27628708;25.85983276;35.72169495;36.36318207;1.126999967;0;206.9904175;13
Sardinella;aurita;24.25;-87.25;7208:247:1;954;27.65924835;4.376728058;35.96974182;34.92272186;0.861999986;0;184.3061371;312
Sardinella;aurita;24.25;-87.75;7208:247:2;508;27.35992432;11.37708664;36.04727936;35.42341614;0.719000003;0;147.7932129;308
Sardinella;aurita;24.25;-81.75;7208:141:2;530;27.26679611;10.31763458;36.00833511;35.07344055;0.465999998;0;156.8004456;106
Sardinella;aurita;24.25;-82.25;7208:142:1;491;27.13315582;8.806586266;36.00788498;35.08648682;0.503999996;0;158.6091919;106
Sardinella;aurita;24.25;-82.75;7208:142:2;509;27.06720161;9.281619072;35.99819565;35.09901047;0.474;0;157.5400391;126
Sardinella;aurita;24.75;-82.75;7208:142:4;30;26.54698563;25.98859215;36.11260223;36.16079712;0.480999995;0;210.1411896;101
Sardinella;aurita;24.75;-83.25;7208:143:3;69;26.63345909;24.77432442;36.06913757;36.26055145;0.425000006;0;215.464447;152
Sardinella;aurita;24.75;-77.75;7207:247:4;969;26.83885193;24.51202583;36.53580475;36.7604332;0.153000001;0;213.0947113;15
Sardinella;aurita;24.75;-80.25;7208:140:3;408;27.4771347;8.700522423;35.99497986;35.07390213;0.472000014;0;157.8898163;97
Sardinella;aurita;24.75;-80.75;7208:140:4;98;27.16287613;23.04681015;36.04324722;36.47740173;0.58599998;0;198.7407379;25
Sardinella;aurita;24.75;-81.25;7208:141:3;38;26.86912346;26.79335785;36.0667572;35.60798264;0.91599999;0;204.9216003;22
Sardinella;aurita;24.75;-81.75;7208:141:4;9;26.62924004;26.45990753;36.13133621;35.79265594;0.812000013;0;206.1641388;24
Sardinella;aurita;24.75;-82.25;7208:142:3;25;26.51466179;26.36654091;36.15031433;36.162117;0.584999972;0;206.8354645;25
Sardinella;aurita;25.25;-83.75;7208:353:2;100;26.49663925;22.72306824;36.05931091;36.36347961;0.492000021;0;207.0786285;211
Sardinella;aurita;25.25;-90.25;7209:350:1;3490;26.46715927;3.914632082;36.19350052;34.96072388;0.249000004;0;164.7269745;464
Sardinella;aurita;25.25;-94.25;7209:354:1;3595;26.37757301;3.918359995;36.21064758;34.96925354;0.165000005;0;153.9683533;331
Sardinella;aurita;25.25;-16.75;7201:456:2;2359;21.09935188;3.99693203;36.72988129;35.05205154;7.617000025;0;223.2184753;200
Sardinella;aurita;25.25;-80.25;7208:350:1;72;27.16680527;26.71064568;36.06067276;36.22884369;0.696000003;0;205.9853973;22
Sardinella;aurita;25.25;-80.75;7208:350:2;1;26.72559166;26.8014946;36.12289429;35.89489365;0.919000013;0;204.894989;12
Sardinella;aurita;25.25;-82.75;7208:352:2;39;26.17802048;24.93892288;36.12483597;36.19293976;0.344;0;215.990921;125
Sardinella;aurita;25.75;-82.25;7208:352:3;18;25.81070328;25.30452919;36.1628418;36.14417648;0.632999989;0;211.8269348;89
Sardinella;aurita;25.75;-79.25;7207:459:3;337;27.12516403;27.14165306;36.42009735;36.02610779;1.728000003;0;203.4756317;25
Sardinella;aurita;25.75;-74.75;7207:354:4;4565;26.62646103;1.867377996;36.37598419;34.89600754;0.144000005;0;266.0496216;200
Sardinella;aurita;25.75;-15.75;7201:455:4;635;20.81249619;15.23026371;36.69017792;36.02233505;12.7290003;0;149.1494293;125
Sardinella;aurita;25.75;-80.25;7208:350:3;41;27.04062462;27.16848755;36.04034424;35.83220291;5.584000144;0;204.035675;12
Sardinella;aurita;25.75;-81.75;7208:351:4;13;25.94931221;25.7750988;36.20357132;36.03505325;1.857000054;0;208.9893646;25
Sardinella;aurita;25.75;-97.25;7209:457:3;34;24.71252441;25.27867126;35.17482758;35.44485092;0.90699998;0;209.6647339;10
Sardinella;aurita;25.75;-14.75;7201:354:4;98;19.03924561;18.86615372;36.56936646;36.6416893;27.87500061;0;227.5651703;20
Sardinella;aurita;26.25;-97.25;7209:467:1;9;24.36107445;24.7466507;34.80646896;35.04214096;1.204999979;0;212.2766571;15
Sardinella;aurita;26.25;-80.25;7208:360:1;72;26.81305504;22.1146183;36.05820465;35.70666504;4.013517406;0;192.5396423;4
Sardinella;aurita;26.25;-81.75;7208:361:2;7;25.71993637;25.66253853;36.16534424;35.5358429;1.972934231;0;209.6133423;12
Sardinella;aurita;26.25;-82.25;7208:362:1;18;25.51246262;25.12807274;36.16324234;36.13900375;1.378000015;0;212.3793335;75
Sardinella;aurita;26.25;-82.75;7208:362:2;29;25.55235291;24.68346214;36.11165619;36.14071655;0.563999987;0;216.111969;124
Sardinella;aurita;26.25;-96.75;7209:466:2;37;24.96256447;24.08871651;35.08995056;36.33324814;0.729000021;0;216.8117523;75
Sardinella;aurita;26.75;-80.25;7208:360:3;40;26.53903008;22.79047966;36.05873871;35.79545975;4.09971457;0;194.6044617;2
Sardinella;aurita;26.75;-82.25;7208:362:3;8;25.2530899;25.22211266;36.12598038;34.6946106;1.70100003;0;211.2317657;23
Sardinella;aurita;26.75;-82.75;7208:362:4;34;25.22454071;24.54882813;36.08627319;36.13197327;1.135000028;0;216.4872131;89
Sardinella;aurita;27.25;-82.75;7208:372:2;13;24.91128159;24.69399643;36.03791428;35.90602875;2.686999971;0;214.4965515;24
Sardinella;aurita;27.25;-96.25;7209:476:1;247;25.53491592;12.29645443;35.63525009;35.53343964;0.812000013;0;138.6916046;133
Sardinella;aurita;27.25;-96.75;7209:476:2;55;24.97771072;23.00286865;34.6963768;36.35186386;1.026000013;0;218.9209442;89
Sardinella;aurita;27.25;-83.25;7208:373:1;35;25.03828812;23.95646477;36.00062943;36.08978653;0.821000023;0;220.4863739;99
Sardinella;aurita;27.25;-97.25;7209:477:1;14;24.23177338;24.49066162;34.13749313;35.89853287;2.722000005;0;216.2591858;22
Sardinella;aurita;27.25;-79.25;7207:479:1;500;27.0223732;14.36288071;36.12366486;36.38836288;1.912000007;0;163.3479309;124
Sardinella;aurita;27.25;-79.75;7207:479:2;380;27.14575386;11.89757156;36.01754379;35.67904663;2.514000051;0;158.7981567;74
Sardinella;aurita;27.25;-80.25;7208:370:1;8;26.17665482;26.63792992;36.05475998;35.96695709;5.313000176;0;205.6026001;10
Sardinella;aurita;27.75;-82.75;7208:372:4;6;24.59656715;24.68405151;35.93857574;33.76029205;5.307999905;0;214.1354523;22
Sardinella;aurita;27.75;-96.75;7209:476:4;25;24.44400597;24.13561249;33.80891037;36.13074875;3.83000006;0;217.812973;74
Sardinella;aurita;27.75;-83.25;7208:373:3;23;24.64081383;24.06736374;35.93163681;36.05012512;1.981999958;0;219.4705963;88
Sardinella;aurita;27.75;-91.25;7209:371:3;672;25.76085281;5.680865765;35.77051544;34.89689636;0.942000013;0;164.5411072;203
Sardinella;aurita;27.75;-83.75;7208:373:4;44;24.89738846;23.50431061;35.91270447;36.31387711;0.945999986;0;222.6691895;133
Sardinella;aurita;27.75;-97.25;7209:477:3;10;24.09191895;24.44197464;33.8381958;34.16343689;7.348000072;0;215.6825562;14
Sardinella;aurita;27.75;-18.25;7201:478:3;3082;21.76663208;5.230454922;36.95737839;35.27573395;0.35799999;0;217.2420349;24
Sardinella;aurita;27.75;-80.25;7208:370:3;15;25.62682152;25.90599251;36.18427658;36.20141983;10.63300017;0;207.8513031;20
Sardinella;aurita;28.25;-13.75;7201:383:2;1066;20.42338753;6.065746784;36.60995102;35.29905319;1.704000053;0;209.1665649;22
Sardinella;aurita;28.25;-97.25;7209:487:1;3;24.02127647;24.38574219;33.34405899;34.14379501;6.329367869;0;216.6425323;3
Sardinella;aurita;28.25;-14.25;7201:384:1;874;20.73800468;20.6121769;36.69693756;36.64497757;0.602999993;0;226.8621216;21
Sardinella;aurita;28.25;-72.75;7207:382:2;4847;25.44067764;1.844764948;36.5765419;34.88482285;0.905999972;0;264.4286194;518
Sardinella;aurita;28.25;-80.25;7208:380:1;22;25.60857582;24.79955482;36.19378662;36.22040176;12.17500027;0;208.8783722;73
Sardinella;aurita;28.25;-95.25;7209:485:1;40;24.77044487;23.69029808;34.42769241;36.26905441;1.336000045;0;219.0820313;97
Sardinella;aurita;28.25;-95.75;7209:485:2;27;24.46161079;24.19210052;33.74910355;36.09757233;1.930000028;0;218.1194916;87
Sardinella;aurita;28.25;-16.25;7201:486:1;1422;21.24010658;4.406936169;36.86507034;35.09334564;0.33000001;0;230.3679504;21
Sardinella;aurita;28.25;-82.75;7208:382:2;20;24.33806992;24.38039017;35.62273026;33.69215393;6.994367577;0;215.6585083;15
Sardinella;aurita;28.25;-83.25;7208:383:1;19;24.28342438;24.00265884;35.81368256;36.02791595;2.520000096;0;219.0190125;73
Sardinella;aurita;28.25;-96.25;7209:486:1;17;24.16717339;24.4705658;33.163311;35.71385193;3.404000076;0;217.1347198;24
Sardinella;aurita;28.75;-83.75;7208:383:4;24;23.9974041;23.68731308;35.77494049;35.99759674;1.517000026;0;221.632309;122
Sardinella;aurita;28.75;-84.25;7208:384:3;34;24.26146126;23.30807495;35.68431091;36.07904434;1.610000036;0;223.8152008;149
Sardinella;aurita;28.75;-13.75;7201:383:4;662;20.54521179;8.178376198;36.61998749;35.43885422;1.124999952;0;176.0331116;20
Sardinella;aurita;28.75;-84.75;7208:384:4;49;24.59097862;22.82405663;35.51904678;36.29757309;2.429000102;0;223.8127136;142
Sardinella;aurita;28.75;-91.25;7209:381:3;18;24.50078773;24.82705498;32.01683044;35.79863739;4.503000062;0;215.6778564;97
Sardinella;aurita;28.75;-80.25;7208:380:3;38;25.72409439;24.65686226;36.17699814;36.30205154;10.87899972;0;207.4803925;73
Sardinella;aurita;28.75;-79.75;7207:489:4;483;27.00603485;8.459589958;36.04734802;35.33130264;5.371000152;0;164.264389;122
Sardinella;aurita;28.75;-80.75;7208:380:4;18;24.49824524;24.98285294;36.24689865;35.83615875;14.38099984;0;210.3821869;11
Sardinella;aurita;28.75;-95.25;7209:485:3;15;23.93484688;24.30163574;32.22712326;35.62514496;8.326999843;0;218.9270782;22
Sardinella;aurita;28.75;-95.75;7209:485:4;9;23.84370422;24.21667671;32.62925339;34.3832016;6.463000085;0;219.0806885;13
Sardinella;aurita;29.25;-95.25;7209:495:1;5;23.42417717;23.94541931;31.50122643;33.35258484;25.14100075;0;222.3723145;4
Sardinella;aurita;29.25;-85.25;7208:495:1;38;24.26070595;23.20789909;35.13031387;36.10681915;3.897000104;0;223.0998077;97
Sardinella;aurita;29.25;-80.25;7208:390:1;81;25.96411514;23.66477394;36.1499939;36.42747498;9.519999847;0;202.710495;88
Sardinella;aurita;29.25;-85.75;7208:495:2;117;24.64391327;21.13677788;34.93058777;36.3862114;3.839999903;0;209.6309509;122
Sardinella;aurita;29.25;-13.25;7201:393:1;669;20.42941093;8.090171814;36.63430786;35.55220032;0.592999975;0;196.0620117;23
Sardinella;aurita;29.25;-80.75;7208:390:2;17;24.45981789;24.66531563;36.24003601;36.1438942;12.41599955;0;212.5787811;22
Sardinella;aurita;29.25;-92.75;7209:392:2;15;23.97191238;24.31067467;31.38959503;35.68679428;3.18;0;218.4429932;87
Sardinella;aurita;29.25;-81.25;7208:391:1;3;24.01957512;24.43478966;36.06967926;35.46525955;13.88791483;0;213.2216034;1
Sardinella;aurita;29.25;-88.75;7208:498:2;84;24.79598427;22.18552589;28.61387825;36.40060043;34.54999998;0;219.0366211;97
Sardinella;aurita;29.25;-79.75;7207:499:2;638;26.99334526;7.604035854;36.05339432;35.34551239;5.220000166;0;169.5278931;132
Sardinella;aurita;29.25;-83.75;7208:393:2;15;23.64561081;23.56046104;35.58066177;35.99542999;2.776999958;0;221.6931;87
Sardinella;aurita;29.25;-84.25;7208:394:1;24;23.83444786;23.45867348;35.59842682;36.02256393;2.45400006;0;223.2454834;97
Sardinella;aurita;29.75;-84.25;7208:394:3;12;23.42771912;23.52087784;35.42523956;35.61586761;5.313999951;0;220.9507294;24
Sardinella;aurita;29.75;-84.75;7208:394:4;10;23.46463966;23.68969345;35.21203613;35.62692642;8.957000449;0;219.9595337;17
Sardinella;aurita;29.75;-85.25;7208:495:3;9;23.61955452;24.0001297;34.46495819;30.96095657;10.3620002;0;218.6123047;17
Sardinella;aurita;29.75;-80.25;7208:390:3;135;26.10403824;16.42587662;36.14416885;36.58675766;9.084999561;0;171.108078;121
Sardinella;aurita;29.75;-85.75;7208:495:4;29;23.89008713;23.28932381;34.56549835;36.08728409;5.812999792;0;222.7188416;87
Sardinella;aurita;29.75;-80.75;7208:390:4;19;24.44425201;24.30314636;36.22502899;36.17934418;11.35300007;0;213.3486176;72
Sardinella;aurita;29.75;-86.75;7208:496:4;198;24.74416924;18.4456234;33.70769501;36.24409103;3.847999964;0;152.285141;104
Sardinella;aurita;29.75;-93.25;7209:393:3;13;23.42035294;23.73550987;29.00847435;34.97164917;9.64799989;0;223.0249176;15
Sardinella;aurita;29.75;-87.75;7208:497:4;38;24.40056801;23.46219063;31.31942368;36.02828598;5.907999817;0;219.7633362;104
Sardinella;aurita;29.75;-76.75;7207:496:4;1617;25.35650444;4.160881042;36.39961243;35.02961349;2.842999995;0;235.7192993;385
Sardinella;aurita;29.75;-81.25;7208:391:3;7;23.54312515;24.10051346;36.17888641;35.8196106;15.50799981;0;214.1522675;11
Sardinella;aurita;29.75;-93.75;7209:393:4;13;23.304842;23.62516975;29.21009064;31.91550064;11.05200034;0;224.3352814;16
Sardinella;aurita;29.75;-15.75;7201:495:4;3516;21.0511837;2.32464695;36.83172226;34.91259766;0.289999996;0;245.2054749;104
Sardinella;aurita;29.75;-88.25;7208:498:3;27;24.32335091;23.29759026;29.68489647;36.0236969;14.80100024;0;218.6140747;97
Sardinella;aurita;29.75;-88.75;7208:498:4;15;23.99315453;24.63062286;25.22358894;35.25606155;39.14200142;0;225.3680573;87
Sardinella;aurita;30.25;-80.25;7308:100:1;110;26.00046158;19.10733795;36.17064667;36.61605835;9.25699994;0;180.9453583;120
Sardinella;aurita;30.25;-88.25;7308:208:1;13;23.49206924;24.24482346;26.00085449;35.00424957;18.82299967;0;242.6266632;20
Sardinella;aurita;30.25;-80.75;7308:100:2;25;24.32575989;24.12466049;36.22994614;36.15671921;10.12200024;0;213.5693665;72
Sardinella;aurita;30.25;-88.75;7308:208:2;8;23.32240868;23.71229362;21.54706573;34.9470787;40.88800028;0;251.576889;20
Sardinella;aurita;30.25;-81.25;7308:101:1;12;23.23137856;23.65307045;36.14084625;36.0933609;19.27799918;0;216.5086975;18
Sardinella;aurita;30.25;-85.75;7308:205:2;12;23.46479034;24.05510139;34.26393509;30.01494026;8.140999824;0;219.1365204;13
Sardinella;aurita;30.25;-86.25;7308:206:1;23;23.69412613;23.27396965;34.03246307;36.0620575;5.078000017;0;222.8677063;22
Sardinella;aurita;30.25;-86.75;7308:206:2;39;23.93413925;23.55599403;33.20219421;36.05221939;4.705999978;0;223.0007629;22
Sardinella;aurita;30.25;-87.25;7308:207:1;18;23.82254601;23.93206024;31.66947746;35.80771255;7.650000043;0;223.0065002;22
Sardinella;aurita;30.25;-87.75;7308:207:2;14;23.59205246;23.89005089;29.03717232;35.12610626;12.96900027;0;234.4752045;19
Sardinella;aurita;30.75;-79.75;7307:209:4;434;26.68678093;10.52168083;36.0915947;36.04064178;7.069999818;0;161.8818359;167
Sardinella;aurita;30.75;-80.25;7308:100:3;58;25.41889381;24.20632744;36.21090317;36.26616287;8.782000281;0;210.7958527;119
Sardinella;aurita;30.75;-80.75;7308:100:4;22;23.74783897;23.84357071;36.22689056;36.16642761;9.278999642;0;215.5083466;72
Sardinella;aurita;30.75;-81.25;7308:101:3;16;22.59310341;23.5109005;36.02593231;35.68856049;17.18199998;0;216.0996704;21
Sardinella;aurita;31.25;-81.25;7308:111:1;7;22.37293053;22.66728401;35.29848862;35.36218262;19.51199956;0;217.887619;19
Sardinella;aurita;31.25;-78.75;7307:218:2;620;26.49279785;10.56784534;36.13530731;35.95268631;5.855000112;0;162.5045471;228
Sardinella;aurita;31.25;17.25;1301:217:1;78;22.13759613;19.34860039;38.20603943;38.0647049;0.631999981;0;237.6427612;17
Sardinella;aurita;31.25;29.75;1302:219:2;162;22.539814;21.77089691;38.51290894;38.97596359;0.754999986;0;220.2463684;22
Sardinella;aurita;31.25;-79.75;7307:219:2;191;26.07615852;14.12369823;36.15190887;36.2454834;8.29899963;0;166.1426697;156
Sardinella;aurita;31.25;-80.25;7308:110:1;37;24.37797165;23.83847237;36.24385071;36.19871521;8.635000326;0;211.5078735;119
Sardinella;aurita;31.25;-80.75;7308:110:2;20;22.91341019;23.26869965;36.13074112;36.06936646;9.872999974;0;217.0274048;71
Sardinella;aurita;31.75;-81.25;7308:111:3;3;22.2472744;22.64551353;34.61690521;35.20785522;17.68999919;0;217.2156525;8
Sardinella;aurita;31.75;-78.75;7307:218:4;486;26.50996399;10.06494045;36.12095261;36.10341263;7.637999952;0;162.7336731;193
Sardinella;aurita;31.75;-79.25;7307:219:3;308;26.12903023;10.2454319;36.14796448;36.07073593;9.093999863;0;162.3181458;157
Sardinella;aurita;31.75;-79.75;7307:219:4;55;24.84204292;23.62657738;36.21276474;36.27246857;9.188000113;0;206.7138367;120
Sardinella;aurita;31.75;-80.25;7308:110:3;27;23.33177757;23.48694038;36.14684296;36.17538071;8.561000228;0;216.244873;86
Sardinella;aurita;31.75;-80.75;7308:110:4;14;22.40717697;22.96253395;35.27145004;36.07332993;12.14499958;0;217.5151215;23
Sardinella;aurita;32.25;-64.75;7306:124:2;1577;23.46539307;3.594389915;36.52642441;34.99010849;4.956999794;0;263.7393494;23
Sardinella;aurita;32.25;-78.75;7307:228:2;279;25.52147102;10.57704163;36.15720749;36.02718353;9.824000299;0;162.4122467;156
Sardinella;aurita;32.25;-80.25;7308:120:1;14;22.61656761;22.99790001;35.60173416;36.09460068;9.124999866;0;217.641861;23
Sardinella;aurita;32.25;-80.75;7308:120:2;6;22.24346924;22.57760429;35.13039017;35.20140076;11.22500002;0;217.7524109;11
Sardinella;aurita;32.25;-79.25;7307:229:1;58;24.6519165;23.38337135;36.18751144;36.28985596;10.36399975;0;206.6590118;120
Sardinella;aurita;32.25;-79.75;7307:229:2;26;23.46375847;23.58955383;36.05237198;36.20158768;8.701999672;0;216.3312531;94
Sardinella;aurita;32.25;34.25;1303:124:1;1104;23.02026558;14.32128525;38.69574356;38.74437332;1.936999965;0;182.7128296;71
Sardinella;aurita;32.25;34.75;1303:124:2;242;23.06228447;20.28324318;38.58721161;39.09767914;14.68299981;0;228.2523956;17
Sardinella;aurita;32.25;-15.75;7301:225:2;4373;20.52698898;2.020247936;36.73380661;34.89303589;0.237;0;250.000473;156
Sardinella;aurita;32.25;-63.25;7306:123:1;4526;23.38954926;1.833927035;36.54604721;34.89330292;4.697999917;0;264.5827332;188
Sardinella;aurita;32.25;-78.25;7307:228:1;404;25.90129471;10.29943562;36.13447571;36.1000824;8.314999752;0;162.7410583;192
Sardinella;aurita;32.75;-78.25;7307:228:3;149;24.83521843;16.43946838;36.18179321;36.29032135;11.5059996;0;170.0283356;143
Sardinella;aurita;32.75;-9.25;7300:229:3;131;19.14971542;17.43313408;36.35091019;36.55982971;4.449000116;0;238.7596436;20
Sardinella;aurita;32.75;-78.75;7307:228:4;44;24.07615662;23.77176666;36.167099;36.24504852;11.65900007;0;215.0485077;119
Sardinella;aurita;32.75;-80.25;7308:120:3;3;21.997118;22.33789635;34.66061783;35.20156479;14.34068196;0;220.685379;4
Sardinella;aurita;32.75;30.25;1303:120:3;2064;22.17124176;14.18485069;39.1354332;38.70207214;0.600999978;0;179.7042236;168
Sardinella;aurita;32.75;-79.25;7307:229:3;21;23.15987968;23.30930901;35.97382355;36.17066956;11.95199974;0;217.9422302;85
Sardinella;aurita;32.75;27.75;1302:227:4;3141;22.02264404;13.75196648;39.0453949;38.72707367;0.531000027;0;178.8113403;192
Sardinella;aurita;32.75;-79.75;7307:229:4;9;22.56680107;22.83317375;35.83996964;35.38782501;16.3669996;0;218.798645;18
Sardinella;aurita;32.75;-77.25;7307:227:3;478;25.90439224;10.93193531;36.14546585;36.15808105;7.240000181;0;164.2539825;167
Sardinella;aurita;32.75;34.75;1303:124:4;715;23.03682518;14.63104439;38.78428268;38.98348999;6.033999845;0;197.7981262;22
Sardinella;aurita;32.75;-17.25;7301:227:3;2290;20.69879723;5.772420883;36.76216888;35.46695709;0.257999985;0;237.4078674;21
Sardinella;aurita;32.75;-77.75;7307:227:4;290;25.36517715;12.61911392;36.15578461;36.2312851;9.151999839;0;163.9423828;150
Sardinella;aurita;33.25;-78.25;7307:238:1;28;23.34757805;23.53576088;36.16872025;36.26137924;11.31599955;0;217.1559296;88
Sardinella;aurita;33.25;-78.75;7307:238:2;18;22.68427467;23.2479496;36.00517654;36.19591904;12.0959999;0;218.2397766;85
Sardinella;aurita;33.25;20.25;1302:130:1;2673;21.84078789;13.22229195;38.53728485;38.67479706;0.584000023;0;182.5844727;97
Sardinella;aurita;33.25;-79.25;7307:239:1;7;22.35288048;22.66892815;35.80203629;35.42752075;16.60099998;0;219.9632721;12
Sardinella;aurita;33.25;-10.25;7301:130:1;4289;20.22160149;2.087105989;36.56216049;34.90964508;0.418000011;0;241.3523865;155
Sardinella;aurita;33.25;-77.25;7307:237:1;172;25.0424633;18.41024399;36.17670822;36.43606949;10.72099991;0;176.5121002;119
Sardinella;aurita;33.25;-77.75;7307:237:2;58;24.11237526;24.22302055;36.18634415;36.27627563;11.63399965;0;212.8646698;97
Sardinella;aurita;33.75;-77.25;7307:237:3;30;23.7008419;23.91148567;36.16464233;36.29521561;11.67799998;0;215.7968903;85
Sardinella;aurita;33.75;35.25;1303:235:3;1284;23.03297424;14.33937645;39.0141716;38.75016022;4.650000017;0;182.4539185;22
Sardinella;aurita;33.75;-77.75;7307:237:4;17;22.41302299;23.19691849;35.95613861;36.20513535;12.13200018;0;218.9179993;23
Sardinella;aurita;33.75;35.75;1303:235:4;298;23.09897423;16.49617386;38.80783081;39.05776978;4.561545327;0;201.3500061;1
Sardinella;aurita;33.75;11.25;1301:131:3;19;21.79265976;19.69036674;37.82110977;37.66239929;0.78100001;0;238.7015533;21
Sardinella;aurita;33.75;-78.25;7307:238:3;17;21.97801781;22.69756508;35.91631317;36.20035172;18.40900071;0;221.1101074;20
Sardinella;aurita;33.75;11.75;1301:131:4;38;21.60989952;20.19914055;37.80881882;37.69722748;0.630000024;0;233.5469818;85
Sardinella;aurita;33.75;-78.75;7307:238:4;11;21.96499443;22.46389389;35.82269669;35.70615005;18.97200011;0;221.9156189;14
Sardinella;aurita;33.75;-76.75;7307:236:4;98;24.85955048;22.68518448;36.18706894;36.52702713;11.10699959;0;197.3553162;121
Sardinella;aurita;34.25;34.75;1303:144:2;1979;22.75032806;14.31497765;39.1098671;38.74503326;0.768000027;0;179.2404785;115
Sardinella;aurita;34.25;12.75;1301:142:2;127;21.48055458;14.88733673;37.89159393;38.36566544;0.534999999;0;233.3592682;166
Sardinella;aurita;34.25;-77.25;7307:247:1;22;21.96622849;23.38915062;35.99402237;36.22772598;10.82199998;0;218.1678772;49
Sardinella;aurita;34.25;35.25;1303:245:1;1772;22.9110775;14.31946278;39.07230377;38.77637863;1.156999962;0;179.7156372;69
Sardinella;aurita;34.25;-77.75;7307:247:2;11;21.39761734;22.27313423;35.69470596;35.90073776;20.47600038;0;223.7925568;13
Sardinella;aurita;34.25;35.75;1303:245:2;952;22.9738636;15.7593565;38.94833755;39.01447296;3.18244216;0;201.1643677;11
Sardinella;aurita;34.25;10.25;1301:140:1;37;21.68104172;20.82286835;38.1460762;37.62168884;1.183000044;0;229.0319061;17
Sardinella;aurita;34.25;10.75;1301:140:2;34;21.64842033;19.93749237;37.87440872;37.62608719;0.908999995;0;236.2433014;69
Sardinella;aurita;34.25;-75.75;7307:245:2;987;25.4038353;3.747613907;36.17130661;35.01837921;9.232999757;0;240.8991241;118
Sardinella;aurita;34.25;11.25;1301:141:1;37;21.53262901;19.01779175;37.75823212;37.69214249;0.661000027;0;241.6501007;97
Sardinella;aurita;34.25;11.75;1301:141:2;48;21.4419117;17.37302017;37.74621582;37.79511642;0.572999998;0;245.4042053;118
Sardinella;aurita;34.25;-76.25;7307:246:1;75;24.36642647;24.15765381;36.16551208;36.3797226;11.35599986;0;211.2675934;102
Sardinella;aurita;34.25;31.25;1303:141:1;2526;22.03812408;13.94049168;39.19515991;38.73551941;0.641999999;0;178.8013153;153
Sardinella;aurita;34.25;-76.75;7307:246:2;30;23.05292702;23.82416916;36.14987946;36.3010788;10.32099966;0;215.900177;84
Sardinella;aurita;34.25;12.25;1301:142:1;78;21.44034958;16.05701447;37.79603577;38.04776764;0.538999971;0;245.1863098;150
Sardinella;aurita;34.75;-76.25;7307:246:3;18;22.69356155;23.63526344;35.93349075;36.30784607;11.73599996;0;216.4914246;21
Sardinella;aurita;34.75;-76.75;7307:246:4;11;21.59187698;22.32304001;35.95834732;35.22541428;14.91599996;0;222.585022;14
Sardinella;aurita;34.75;12.25;1301:142:3;40;21.17374802;18.73820877;37.62804413;37.64834976;0.56299998;0;241.3369598;137
Sardinella;aurita;34.75;12.75;1301:142:4;90;21.15611267;15.79205036;37.71905136;38.04115677;0.538999971;0;244.5858765;183
Sardinella;aurita;34.75;-77.25;7307:247:3;8;21.00938988;21.77335739;34.62079239;35.3640213;18.20400544;0;226.1429138;6
Sardinella;aurita;34.75;35.75;1303:245:4;890;22.86283112;15.59601021;39.1183815;39.06785583;1.743000001;0;205.3389893;22
Sardinella;aurita;34.75;29.75;1302:249:4;2502;21.40044403;14.03673267;39.18257141;38.74786758;0.581;0;178.836319;200
Sardinella;aurita;34.75;-75.75;7307:245:4;130;24.14824486;23.83356285;36.04634476;36.37813568;12.22100016;0;209.9343872;91
Sardinella;aurita;34.75;11.25;1301:141:3;18;21.43678665;21.20061874;37.69387436;37.50001907;1.016999944;0;223.1839447;22
Sardinella;aurita;35.25;-76.25;7307:456:1;4;21.32981491;22.69801331;35.74870682;34.86184311;12.08399981;0;219.8171082;20
Sardinella;aurita;35.25;-2.75;7300:352:2;110;19.51450157;16.77254295;36.23178864;37.03249359;1.577000017;0;252.0072632;15
Sardinella;aurita;35.25;-74.75;7307:354:2;1905;24.7621479;3.032069921;36.13565826;34.95861053;12.14099955;0;267.3425598;136
Sardinella;aurita;35.25;32.75;1303:352:2;609;22.37095833;18.03329849;39.25348663;39.06909943;1.164000016;0;233.3946381;14
Sardinella;aurita;35.25;-75.25;7307:455:1;133;23.36868286;23.88761902;35.54867935;36.13588333;16.34199917;0;214.2648621;91
Sardinella;aurita;35.25;-75.75;7307:455:2;10;21.94711685;22.93327522;35.55519485;35.01470947;14.157;0;218.2092133;22
Sardinella;aurita;35.25;35.25;1303:455:1;1218;22.70296097;14.33243942;39.1516304;38.75684357;0.838999986;0;180.8222961;68
Sardinella;aurita;35.25;35.75;1303:455:2;863;22.81326485;14.34902287;39.12387085;38.77618408;1.221999992;0;182.9871826;21
Sardinella;aurita;35.75;28.25;1302:458:3;2807;21.30504799;13.3766098;39.22148514;38.70047379;0.694999995;0;181.085022;90
Sardinella;aurita;35.75;-0.75;7300:350:4;1162;19.5032692;13.11592388;36.23853302;38.51101685;1.899000024;0;195.1229858;12
Sardinella;aurita;35.75;11.25;1301:351:3;41;20.74962616;15.90800667;37.38843918;37.66777802;0.716999988;0;246.930481;22
Sardinella;aurita;35.75;13.75;1301:353:4;684;20.90438843;14.07438183;37.76095963;38.77932358;0.605000008;0;195.998642;90
Sardinella;aurita;35.75;-3.75;7300:353:4;1050;19.05591965;13.04005718;36.18248367;38.45208359;1.853000023;0;183.4518127;89
Sardinella;aurita;35.75;-74.75;7307:354:4;808;22.64287567;3.640974045;35.66292191;34.98016739;16.62899926;0;246.819931;135
Sardinella;aurita;35.75;14.25;1301:354:3;585;20.9343853;13.92369556;37.75282669;38.74258804;0.645000022;0;189.4655304;22
Sardinella;aurita;35.75;24.25;1302:354:3;732;20.67651176;14.03895855;38.33358765;38.79698181;0.601999986;0;184.0543671;21
Sardinella;aurita;35.75;-75.25;7307:455:3;26;20.61444855;23.15461349;34.52167511;35.72796249;16.04600064;0;214.1124268;90
Sardinella;aurita;35.75;-75.75;7307:455:4;4;19.64093399;20.70543289;34.03536606;33.78156662;15.03000036;0;224.1516418;15
Sardinella;aurita;36.25;-75.25;7307:465:1;31;18.39333916;21.50423622;33.99961472;35.25931168;16.3669996;0;218.9445496;90
Sardinella;aurita;36.25;-75.75;7307:465:2;9;17.62522888;19.13019562;33.06508636;34.1269455;15.58199991;0;228.6103821;21
Sardinella;aurita;36.25;-5.25;7300:465:1;395;18.14189911;13.09424496;36.09865189;38.60743713;4.108000081;0;186.9262085;15
Sardinella;aurita;36.25;-74.75;7307:364:2;576;20.20017433;4.006323814;35.26599121;35.014431;17.92000048;0;223.5418701;135
Sardinella;aurita;36.25;10.75;1301:360:2;32;20.56822205;16.61030006;37.35657501;37.50633621;1.04100001;0;247.0835114;21
Sardinella;aurita;36.25;-2.25;7300:362:1;1607;19.36004066;13.03415012;36.28968811;38.42369843;2.383999992;0;193.6225891;89
Sardinella;aurita;36.25;12.25;1301:362:1;444;20.3118;14.07194042;37.49636459;38.76041412;0.536000007;0;195.0194702;100
Sardinella;aurita;36.25;-4.75;7300:364:2;693;18.49684334;13.04005814;36.13887024;38.45265961;3.704000032;0;183.4525146;49
Sardinella;aurita;36.25;21.25;1302:361:1;3893;20.97127151;13.21456146;38.40849686;38.66888809;0.612000003;0;182.499115;116
Sardinella;aurita;36.75;-75.25;7307:465:3;26;17.13488197;20.49175835;33.27286148;34.87712097;14.11500014;0;221.2440948;89
Sardinella;aurita;36.75;-75.75;7307:465:4;14;16.70882034;17.98052406;31.19475746;34.33957672;14.51000012;0;232.2939911;21
Sardinella;aurita;36.75;-1.25;7300:361:3;2336;19.54195213;13.03289604;36.39601135;38.41328049;1.945000025;0;192.6742401;83
Sardinella;aurita;36.75;30.75;1303:360:4;587;22.585186;14.27280045;39.20905685;38.74365616;8.601999842;0;183.6715088;15
Sardinella;aurita;36.75;22.25;1302:362:3;953;20.71551895;13.8764143;37.63860703;38.81901932;1.019999967;0;184.9503174;16
Sardinella;aurita;37.25;2.75;1300:372:2;2756;19.7604866;13.02208138;36.57086945;38.44409561;0.934000011;0;193.1423645;89
Sardinella;aurita;37.25;-75.25;7307:475:1;28;16.49331665;18.24907494;32.81241608;34.21987152;12.89399993;0;230.7396393;89
Sardinella;aurita;37.25;-75.75;7307:475:2;8;16.27014542;16.67949295;29.45691872;33.70248413;14.769;0;244.2915802;21
Sardinella;aurita;37.25;-74.75;7307:374:2;90;17.40336418;20.98821259;34.15021133;35.72050858;18.20700057;0;198.7107697;115
Sardinella;aurita;37.25;-76.25;7307:476:1;6;16.55171585;16.52278137;24.87841415;33.7276001;19.88199912;0;256.9988708;17
Sardinella;aurita;37.25;10.75;1301:370:2;157;20.01278305;14.80176544;37.19855499;38.14092636;0.690000015;0;245.9640198;22
Sardinella;aurita;37.25;-0.25;7300:370:1;2606;19.67816162;13.02630424;36.48013687;38.41475677;1.289000036;0;192.7520142;115
Sardinella;aurita;37.75;-0.25;7300:370:3;604;19.75808144;13.10025883;36.59750748;38.48693085;1.733000041;0;188.0205841;82
Sardinella;aurita;37.75;23.25;1302:373:3;50;20.45522118;15.31045246;36.25852585;38.93547821;7.094000001;0;212.2849731;14
Sardinella;aurita;37.75;15.25;1301:475:3;884;19.97411919;13.78031254;38.36175156;38.71419144;0.913000025;0;185.8669586;12
Sardinella;aurita;37.75;24.25;1302:374:3;130;19.83304214;16.6281929;35.84920883;38.73371124;1.029000035;0;240.4514008;20
Sardinella;aurita;37.75;18.25;1301:478:3;2879;20.66905022;13.21408463;38.37981796;38.65816879;0.70199999;0;182.53508;185
Sardinella;aurita;37.75;0.75;1300:370:4;2577;19.88423347;13.02621365;36.63744736;38.44387054;0.878999999;0;192.757019;148
Sardinella;aurita;37.75;-75.25;7307:475:3;17;15.79244423;17.66769981;32.99809265;34.06127548;12.30600011;0;233.2027588;21
Sardinella;aurita;37.75;-75.75;7307:475:4;6;16.02481842;16.86551666;27.74448586;33.63028717;21.35863714;0;241.4271545;16
Sardinella;aurita;37.75;-74.75;7307:374:4;40;16.3694191;20.33090019;33.62361526;34.97439194;15.43399971;0;212.0206451;88
Sardinella;aurita;38.25;-0.25;7300:380:1;224;19.81482887;14.27481937;36.72655869;38.11556625;2.164999954;0;235.2180176;21
Sardinella;aurita;38.25;15.75;1301:485:2;360;20.22580528;14.16835213;38.15491486;38.63926697;0.882566848;0;210.2281952;11
Sardinella;aurita;38.25;24.25;1302:384:1;123;19.59493828;14.93505955;35.03021622;38.92915344;0.952999981;0;196.6218719;16
Sardinella;aurita;38.25;0.25;1300:380:1;439;19.8483696;13.13510895;36.72665787;38.50236893;1.073000021;0;192.3893738;81
Sardinella;aurita;38.25;0.75;1300:380:2;1122;19.93976402;13.05930901;36.72269821;38.46508408;0.691999972;0;190.1827393;114
Sardinella;aurita;38.25;-75.25;7307:485:1;5;15.22621441;15.55699635;33.10477448;32.46619034;12.25899998;0;243.4308777;10
Sardinella;aurita;38.25;-74.75;7307:384:2;26;15.4980154;16.83066368;33.20542145;34.14486694;13.35099991;0;233.6776733;87
Sardinella;aurita;38.75;2.25;1300:382:3;927;20.02574348;13.07515717;36.84370041;38.47654343;0.524999981;0;190.6880035;87
Sardinella;aurita;38.75;-75.25;7307:485:3;7;15.00718975;15.15003014;31.90465164;32.70801926;32.90404007;0;250.7101593;7
Sardinella;aurita;38.75;-74.75;7307:384:4;18;14.8750906;15.09678459;32.89035797;33.72159576;18.38300005;0;248.6605835;87
Sardinella;aurita;38.75;-0.25;7300:380:3;26;19.65588951;16.76865387;36.92993164;37.91967392;2.019277541;0;237.8079376;2
Sardinella;aurita;38.75;22.75;1302:382:4;12;19.71869278;16.27704811;35.23685074;38.39615631;4.388648085;0;218.1674347;4
Sardinella;aurita;38.75;23.25;1302:383:3;25;19.72323799;14.990695;34.38290024;38.72127533;2.663000021;0;239.8842163;9
Sardinella;aurita;38.75;23.75;1302:383:4;357;19.66871834;14.92083454;34.41333008;38.9009819;1.392000006;0;197.3187561;12
Sardinella;aurita;38.75;-9.25;7300:489:3;71;16.77571487;15.69364452;35.3991394;36.12470627;6.916999817;0;258.5812378;11
Sardinella;aurita;38.75;0.25;1300:380:3;129;19.67434692;14.71303368;36.89297104;38.07964325;1.138000051;0;244.0106659;18
Sardinella;aurita;38.75;1.25;1300:381:3;164;19.97110748;14.74376297;36.90147781;38.05713654;0.581;0;250.8555603;20
Sardinella;aurita;38.75;1.75;1300:381:4;380;20.00914383;13.136796;36.90090942;38.51402664;0.520000001;0;193.0418701;21
Sardinella;aurita;39.25;0.25;1300:390:1;536;19.51180077;13.07982445;37.09345245;38.4852066;0.949000008;0;187.6070404;65
Sardinella;aurita;39.25;-69.25;7306:499:1;2802;18.9848938;2.602823019;35.41770935;34.9299736;12.00800017;0;268.4427185;270
Sardinella;aurita;39.25;-73.75;7307:393:2;38;14.98884392;15.23654556;32.84749222;34.00514603;9.782999754;0;234.2028809;81
Sardinella;aurita;39.25;0.75;1300:390:2;1167;19.61187935;13.06774807;37.01493073;38.46364212;0.721000019;0;191.5066833;86
Sardinella;aurita;39.25;25.75;1302:495:2;240;19.14813042;16.28424835;35.23836517;38.95140457;1.839000033;0;234.8075562;20
Sardinella;aurita;39.25;-0.25;7300:390:1;31;19.5334816;18.57242775;37.12598038;37.85172653;1.942000003;0;237.6700592;11
Sardinella;aurita;39.25;-74.25;7307:394:1;22;14.65308762;14.09033108;32.57573318;33.6024971;13.34199961;0;257.2449341;21
Sardinella;aurita;39.25;1.75;1300:391:2;606;19.89557266;13.12469959;37.03871155;38.5144577;0.572999998;0;190.4529877;21
Sardinella;aurita;39.25;-74.75;7307:394:2;7;14.55691624;14.66227818;32.58359528;32.52322769;39.01400045;0;254.3801575;8
Sardinella;aurita;39.25;2.25;1300:392:1;624;19.98181725;13.08249378;36.97417068;38.47910309;0.543000002;0;188.2336731;86
Sardinella;aurita;39.25;2.75;1300:392:2;237;19.96898079;13.78688431;36.98891068;38.22663116;0.532999984;0;233.313858;20
Sardinella;aurita;39.25;22.75;1302:392:2;16;19.67219734;19.05162239;34.41062164;37.83142471;2.501999959;0;234.3018799;3
Sardinella;aurita;39.25;23.25;1302:393:1;130;19.6816864;16.90031624;34.32506561;38.32723236;1.35799998;0;246.9868622;17
Sardinella;aurita;39.25;3.25;1300:393:1;973;19.91440392;13.07956505;37.02675247;38.45871353;0.505000004;0;194.6035004;18
Sardinella;aurita;39.25;23.75;1302:393:2;624;19.60233688;14.99641228;34.14556885;38.85516357;0.624999986;0;217.0466766;21
Sardinella;aurita;39.25;3.75;1300:393:2;1826;19.88002014;13.07277203;37.06053925;38.42118835;0.509999983;0;194.8229218;86
Sardinella;aurita;39.75;12.75;1301:392:4;3382;20.06521797;12.93067455;37.8391571;38.66599655;0.44199999;0;189.44104;183
Sardinella;aurita;39.75;3.25;1300:393:3;28;19.73448181;19.34996033;37.24622345;37.76470947;0.500999973;0;232.1952667;10
Sardinella;aurita;39.75;24.75;1302:394:4;357;19.03581619;14.93672657;33.67411423;38.90518188;0.71599998;0;196.049469;86
Sardinella;aurita;39.75;3.75;1300:393:4;403;19.73158073;13.31454945;37.21736908;38.48931122;0.534999999;0;206.5493469;21
Sardinella;aurita;39.75;4.25;1300:394:3;741;19.63794899;13.09160423;37.21855927;38.50099182;0.595999998;0;188.6079865;19
Sardinella;aurita;39.75;-73.75;7307:393:4;28;14.47792053;12.86907864;32.38889313;33.70415115;10.49499959;0;266.740509;64
Sardinella;aurita;39.75;0.25;1300:390:3;192;19.47541237;13.6159544;37.22977829;38.27842331;1.814999967;0;221.9315338;49
Sardinella;aurita;39.75;25.25;1302:495:3;92;18.84778404;15.77688122;32.78412628;38.92599106;1.141999965;0;228.8973694;20
Sardinella;aurita;39.75;-0.25;7300:390:3;33;19.50998116;18.39046288;37.21468735;37.97032928;3.019999946;0;238.4355927;7
Sardinella;aurita;39.75;25.75;1302:495:4;131;18.69349861;15.61706734;31.93973541;38.9628334;2.987999935;0;219.8115692;86
Sardinella;aurita;39.75;-74.25;7307:394:3;8;14.25615215;14.31525612;32.02205658;32.42305756;14.84800037;0;258.3639221;9
Sardinella;aurita;39.75;2.25;1300:392:3;658;19.82684898;13.63300419;37.13275909;38.29504013;0.584999972;0;233.3242188;21
Sardinella;aurita;39.75;22.75;1302:392:4;56;19.55145836;16.74209404;34.70098877;38.33914185;5.668701138;0;234.7276306;6
Sardinella;aurita;39.75;2.75;1300:392:4;334;19.77823639;14.96004391;37.16917038;38.18339157;0.570128148;0;223.2519684;9
Sardinella;aurita;39.75;23.25;1302:393:3;219;19.59899902;14.67999172;34.26139832;38.93606949;1.521000057;0;213.3696594;21
Sardinella;aurita;40.25;0.75;1400:100:2;65;19.28873444;14.11972618;37.08093262;38.19930649;2.668000059;0;242.6071777;49
Sardinella;aurita;40.25;-73.75;7407:103:2;25;14.05660725;12.85533524;31.97361755;33.59673309;21.48300037;0;250.2698059;21
Sardinella;aurita;40.25;22.75;1402:102:2;50;19.39881134;14.96936226;34.87293243;38.68575668;9.467000142;0;238.6898499;17
Sardinella;aurita;40.25;1.25;1400:101:1;528;19.24243546;13.07565594;37.3856926;38.45203018;1.552999951;0;189.3904114;80
Sardinella;aurita;40.25;23.25;1402:103:1;61;19.53840065;15.6623764;34.47106171;38.46802902;6.597000174;0;245.1183014;13
Sardinella;aurita;40.25;23.75;1402:103:2;103;19.41189194;15.72477341;33.30542374;38.51189041;4.39100014;0;244.4393921;14
Sardinella;aurita;40.25;3.25;1400:103:1;1362;19.55249786;13.07647514;37.33890533;38.46688843;0.699999975;0;193.7450409;85
Sardinella;aurita;40.25;5.25;1400:205:1;2819;19.36251831;13.04305172;37.19494629;38.44350052;0.875000027;0;193.9228668;127
Sardinella;aurita;40.25;4.25;1400:104:1;1391;19.38798904;13.08225536;37.41653442;38.46508026;0.859000022;0;193.6309662;20
Sardinella;aurita;40.25;24.25;1402:104:1;343;19.12021255;14.63609695;32.72721863;38.93392944;1.336000045;0;217.6052856;19
Sardinella;aurita;40.25;24.75;1402:104:2;668;18.84733963;13.85543156;32.35421371;37.64266968;0.854999991;0;177.2615051;85
Sardinella;aurita;40.25;-10.75;7401:100:2;4784;17.33659744;2.071491957;35.89567184;34.89619827;1.47300004;0;247.6146393;182
Sardinella;aurita;40.25;25.75;1402:205:2;298;18.47209167;16.93633461;29.45579338;38.53521347;3.894000081;0;244.2511902;19
Sardinella;aurita;40.25;0.25;1400:100:1;41;19.37973404;16.55732536;36.92025757;38.05846405;2.531999955;0;249.8993835;11
Sardinella;aurita;40.75;25.75;1402:205:4;47;18.48851395;16.53054428;28.91514587;38.37508774;5.762999877;0;244.0871124;16
Sardinella;aurita;40.75;0.75;1400:100:4;35;19.05866241;18.99951363;37.07146454;37.54872894;17.79299974;0;234.7076874;12
Sardinella;aurita;40.75;-73.25;7407:103:3;13;13.41462803;13.62015629;31.93077469;32.16366196;20.34199983;0;268.8540955;12
Sardinella;aurita;40.75;-73.75;7407:103:4;8;13.44075298;13.01430416;29.83181763;32.50247574;31.2823765;0.008716623;267.2479248;10
Sardinella;aurita;40.75;14.25;1401:104:3;285;19.92247391;14.4757843;37.91002655;38.39322281;3.093000036;0;241.793045;15
Sardinella;aurita;40.75;1.25;1400:101:3;157;19.03418541;13.61351776;37.4137001;38.29079819;8.278000169;0;230.3644104;63
Sardinella;aurita;40.75;23.75;1402:103:4;29;19.07384491;15.48358631;32.7782135;38.53095245;5.295000039;0;242.374588;7
Sardinella;aurita;40.75;19.25;1401:209:3;133;19.60901451;17.35395432;38.37428284;38.57843781;5.472999997;0;241.6468658;19
Sardinella;aurita;40.75;-8.75;7400:208:4;29;16.03217697;15.66737175;34.71341324;35.86042023;28.50900032;0;260.4291687;14
Sardinella;aurita;40.75;24.25;1402:104:3;87;18.94105339;15.39319611;32.05428696;38.87956238;3.384999931;0;221.5382385;15
Sardinella;aurita;40.75;24.75;1402:104:4;82;18.72824097;15.98869038;31.50618744;38.68252182;2.804999938;0;242.0133514;16
Sardinella;aurita;40.75;-72.25;7407:102:3;37;13.45112705;11.40399265;31.89221954;33.8732872;7.718000095;0;262.8124695;20
Sardinella;aurita;40.75;-72.75;7407:102:4;25;13.39268017;11.47429466;31.78378868;33.40673447;7.891999558;0;276.3696289;14
Sardinella;aurita;40.75;25.25;1402:205:3;88;18.58149147;15.71471786;30.39979744;38.83030319;2.988999942;0;231.4765625;20
Sardinella;aurita;41.25;-70.75;7407:110:2;33;12.44579983;10.82241726;31.63474083;33.30610275;4.664000124;0;278.8883057;19
Sardinella;aurita;41.25;18.75;1401:218:2;589;19.43950272;13.76469421;38.42198181;38.74227142;1.463999972;0;204.0215912;84
Sardinella;aurita;41.25;1.25;1400:111:1;78;18.74271584;16.96936989;37.2534523;37.79321289;10.69323812;0;243.8802185;6
Sardinella;aurita;41.25;1.75;1400:111:2;270;18.81803894;16.46509933;37.67601013;38.10443878;7.108000107;0;250.2064819;11
Sardinella;aurita;41.25;2.25;1400:112:1;491;18.70833588;13.10149384;37.72795486;38.48904419;3.517000005;0;188.1771698;18
Sardinella;aurita;41.25;2.75;1400:112:2;1160;18.6344223;13.07619381;37.74175262;38.46677017;1.841000048;0;193.7158508;79
Sardinella;aurita;41.75;3.25;1400:113:3;276;17.71052742;13.44425774;37.80295944;38.45252991;3.327999962;0;231.9269104;18
Sardinella;aurita;41.75;-70.75;7407:110:4;7;12.19857025;11.86841393;31.36360168;32.21009445;9.84099973;0;276.9893494;7
Sardinella;aurita;41.75;6.25;1400:216:3;2618;18.0496254;13.04738045;37.8207283;38.4190979;0.792999985;0;194.3033447;202
Sardinella;aurita;41.75;2.75;1400:112:4;162;18.16747475;16.25667191;37.79286575;38.20463943;3.936000168;0;250.462738;8
Sardinella;aurita;42.25;3.25;1400:123:1;97;17.16052818;13.83249092;37.74037552;38.39006424;2.512000035;0;247.8829803;13
Sardinella;aurita;42.25;3.75;1400:123:2;878;17.20518494;13.07296085;37.82328415;38.4635849;3.085999982;0;193.6873169;62
Sardinella;aurita;42.25;40.75;1404:120:2;1568;17.53274918;8.870025635;18.95137787;22.3774147;0.865000009;0;0.516103029;103
Sardinella;aurita;42.75;29.25;1402:229:3;1980;16.23731422;9.098448753;18.74346733;22.36016273;0.775999972;0;1.454743981;110
Sardinella;aurita;42.75;9.25;1400:229:3;630;18.82462311;14.28493977;38.0130806;38.25830841;0.679999997;0;252.4659119;10
Sardinella;aurita;42.75;17.25;1401:227:3;93;19.15251923;13.67754555;38.40366364;38.66555786;3.725999966;0;234.6146851;20
Sardinella;aurita;42.75;9.75;1400:229:4;358;19.16072464;13.58080387;38.03995132;38.59077454;0.712000008;0;190.5268402;20
Sardinella;aurita;42.75;17.75;1401:227:4;116;19.2638073;13.78138065;38.39919662;38.6763382;6.84100017;0;239.4416351;15
Sardinella;aurita;42.75;41.25;1404:121:3;493;17.57935715;8.948419571;18.90717125;19.41757011;8.473999798;0;258.2105408;15
Sardinella;aurita;43.25;9.25;1400:239:1;1226;18.59754562;13.22701168;38.03927231;38.5287323;0.396999996;0;189.2838593;20
Sardinella;aurita;43.25;28.25;1402:238:1;67;15.72143269;12.33018112;17.66261292;18.318964;5.518999882;0;295.6347351;17
Sardinella;aurita;43.25;4.25;1400:134:1;71;16.98760605;13.95573235;36.46764755;38.3839798;23.59800041;0;248.6604614;48
Sardinella;aurita;43.25;-3.25;7400:133:1;41;16.84090614;10.20855427;35.4450531;35.80418015;5.217352416;0;221.9392548;3
Sardinella;aurita;43.25;5.75;1400:235:2;242;17.75476646;13.68377399;37.82538223;38.42223358;8.735712618;0;228.8325958;7
Sardinella;aurita;43.25;16.25;1401:236:1;68;18.7840004;14.44006443;38.2862587;38.51533508;3.13899992;0;250.5690765;19
Sardinella;aurita;43.75;7.75;1400:237:4;1425;18.36335564;13.19524574;38.12075043;38.45680237;1.230000053;0;194.7799835;14
Sardinella;aurita;43.75;30.25;1403:130:3;470;16.06060219;8.841378212;18.55840874;22.1247654;1.034999965;0;0.102930002;141
Sardinella;aurita;43.75;34.25;1403:134:3;2159;16.01845741;9.225130081;18.92292213;22.33906746;0.532999984;0;1.931625962;96
Sardinella;aurita;43.75;-6.75;7400:236:4;144;15.81019211;11.90756893;35.50387573;35.67524719;9.4569996;0;238.8204193;16
Sardinella;aurita;43.75;15.25;1401:235:3;31;18.61857796;13.09501839;37.92746735;38.6149292;2.05000001;0;228.5391083;20
Sardinella;aurita;43.75;7.25;1400:237:3;725;18.48358917;13.26657867;38.11256409;38.54350281;2.145000035;0;189.2902069;8
Sardinella;aurita;44.25;9.25;1400:249:1;671;18.80731583;13.22045803;38.09096527;38.51006317;0.402000005;0;190.1685486;14
Sardinella;aurita;44.25;28.75;1402:248:2;55;15.40279484;12.09704018;15.57306194;18.22143936;35.49699858;0;292.9250183;13
Sardinella;aurita;44.75;13.25;1401:143:3;76;18.06917191;14.60260582;34.83023071;38.37823486;9.611999616;0;245.7411957;79
Sardinella;aurita;45.25;-5.75;7400:455:2;4735;15.79396343;2.138401985;35.68847656;34.8992424;4.956999794;0;240.6488495;203
Sardinella;aurita;45.75;13.75;1401:353:4;68;17.10956001;15.85373306;35.00230408;37.00266647;12.958562;0;264.2174988;6
Sardinella;aurita;45.75;32.75;1403:352:4;29;14.63677216;12.56900406;16.33196068;17.89439964;9.452999569;0;305.1976624;17
